,ANGPTL4,BCL11B,CACNB4,CAMK4,CHRM3,CP,DNALI1,EGR1,FGF14,GABRD,GFAP,GRAMD3,GREM2,GRIA3,ITPKB,KCNAB1,KCNIP2,KCNN3,LDB2,MCTP1,MMD,MYT1L,NETO2,PAK3,PENK,PRKCG,PRMT8,RFX4,SCN2B,SLC14A1,SLC7A2,SLC9A7,SYT17,TNC,TPBG
GSM1424090,1.7707764178849024,-0.3996184559702358,0.7815368748854262,0.0022058980698489578,0.4369933019797774,1.6682449802924253,0.3519702234219748,-1.7017515092851938,0.4898308584587225,-0.14938295733704507,-0.39813863126996846,-0.7599941417836834,-0.23134560721789169,-0.5370436259384371,0.505988527837426,-0.8478067840763083,-0.40622380785663276,1.2302516638143899,0.07230815170872085,-0.08089936040753065,-0.7186784411219211,-0.40572405037150605,-0.9039452874598208,-0.04197254398336008,-1.1930013590005208,-0.5322719510248349,-0.481842325010405,0.961669745630446,-0.10324531015518748,0.8989516941893161,-0.13131430892813176,0.21179854673941442,1.2572631324073773,-0.5172658979672505,-0.5647662965602951
GSM1424091,-1.7522370142777233,1.1634839223408684,0.08221330300175918,1.0250021324584688,0.1565020370452807,-1.3221914329192352,-0.9593263048821408,0.5889741751720976,1.145617649057688,1.267285215125836,-1.2526717087317512,-0.7459640611204992,0.7343662835619983,-0.32521026655519863,-1.3329719017162716,1.1627096466273776,-0.6819835795216483,-0.9686823584544779,0.8800265735424682,-0.29884274312767317,0.576920797943661,0.7609332120878787,1.0389363855978726,0.9693828032001229,1.009121009710579,-0.624767132850384,0.9032826752657771,-0.7736545562093046,1.3331333427074694,-0.4610336479246241,-0.9711073309448978,1.6342222921091365,1.5241396054861982,-1.4881611250008226,1.6675498617550257
GSM1424092,0.02664024779797578,0.2437422670865689,0.7207334508357096,0.2821043094871433,-0.8519749636097484,1.0918058570355054,-0.22626623334079388,0.5142151810685058,0.3972248195480695,0.41998551420233765,0.532529810000919,0.24517140711633045,0.03953383958095308,-0.8659723029172329,-0.5344303861462545,0.10073613218891239,-0.81020954742556,0.17033720359393786,0.35426890369345376,0.23890595723275113,-0.13638907197372693,0.10561253831987345,-0.08678592365488388,0.31959835234323647,-0.8935386637193348,-1.4128800907593335,-0.19519374372486192,0.5506777905799808,-1.6164480673794277,1.1440304874072134,-0.32399644193942634,-0.8029707421872267,-0.20976071837822158,0.49056335648847116,-0.08724461555853805
GSM1424093,-0.05159083036396975,0.16690404380958593,0.6772756308971717,0.6637204234485113,0.09655223861617404,1.0916100458219429,-1.5657415065563878,-0.5763668817600874,0.34236073349263113,0.7780305865682576,-0.44479735892925265,0.12645133357997992,-0.5599269728929906,-0.6123547483605898,-0.2820586702704717,0.25264142412125173,-0.5493154016692854,0.3079627876416428,0.3085781031939607,0.8639627742418202,0.6832729356695482,0.22323167224900828,0.4542971825250485,0.21587500103442306,0.13187487395193281,-1.11589113257969,0.38437173062988095,0.3657103602586386,-0.001122063067151801,1.3002698971829403,-0.26574667306836985,-0.20795969666692438,-0.14299595727456751,-0.08086520773579067,0.10972194361575427
GSM1424094,-1.0543563126644786,0.27881628779752077,1.130205719308909,1.448182509177125,0.5871445449188646,-1.0088957897728537,-0.6964366978645697,1.261852887644166,1.3015189153605686,1.4909347152666204,-0.671334232516491,0.21453169264341884,-0.14422619434347067,-0.49335524596012215,-1.1588012892390984,0.8221300735871404,-0.8919419231095721,-0.6276489126853934,1.336144776869049,1.3903316552165426,0.6466779928046608,1.0402061917040093,1.0504753844730548,0.9542014627982996,0.45278238901006,-1.2120254471644896,0.7248113797704959,0.18812432002321156,-0.12114245521699027,-0.5337134601389545,-0.41926657372824616,0.4756374077139456,-0.5198995545658643,-0.12475977362616053,1.850508527368859
GSM1424095,2.0568909864592224,-0.45266729075961565,0.09042126778837245,0.056587991523634334,-0.22338091574188015,1.3994654216087603,-0.1083203303758772,-1.3414993652482272,0.3979926327698283,0.4013695245307276,1.5963376072355535,0.15618900706136854,-0.592998463266581,-0.7567876615800133,0.922242859410935,-0.29590002378182917,-1.0505519109500208,0.24767939418923957,-0.06842848196540673,-0.04569307827205457,-0.3407490332054745,-0.08978663122615288,-0.5037005378176178,0.011741068635727794,-0.38122232972420733,-1.5559540704764492,-0.420484879585905,2.1483469300803106,-0.009442778526110949,0.5265728113581783,1.075801348971743,-0.17151834506458385,-0.8752983056422781,0.6757532904258684,-0.27697456986026936
GSM1424096,-0.8524731129874263,0.7288446167833778,0.6801009302856754,0.9406401238368688,0.8185817547014029,-0.5079155964468346,-0.21269783096379705,0.641752134382521,1.2036096960740839,1.1606902771709577,-0.6934900066963515,-0.26785230992416925,0.695697015329928,-0.03049308194733857,-0.8442769658874425,0.9194955526361878,-1.3847574140634062,-0.427737916452101,1.169294126698949,0.6695999076705577,-0.35896851611896924,0.7618895344051035,0.7608898426113836,1.1332198952341321,1.152901144871732,-1.16414391254069,0.6598077531453926,-0.7681614334044102,-0.8446496430325026,-0.3562509020456693,-0.9702813981522407,0.4268824333941923,-0.3046066950256968,0.9543137752040458,0.6250120773542208
GSM1424097,-1.7130048830651288,1.6958413138973973,0.6459753400298596,1.2598825064759163,1.1371069432481318,-1.5341977432266583,-1.6449352234791912,0.27216142002302457,1.610596443856754,0.455065813323614,-1.5285605650475051,-0.9743677460826273,1.0342045280604284,0.43071428122913347,-1.6826075535262226,1.925819529309214,-1.8557801315984677,-2.191433536759355,1.3103828396212704,1.7237709657403795,1.8177382559514677,0.9072702261466878,1.7353532919996766,1.4780377131576898,1.2912922312100719,-1.300960066708645,0.460521837513885,-2.7481049923317737,-0.12266898477701108,-2.1905562517630366,-2.047702692772301,-0.8661338910676978,0.4860525180971341,-1.3187142797835267,0.5851597145204229
GSM1424098,1.9512159142385739,0.6763591101859205,-0.548326123674452,-0.43638753176358386,0.26450479015547607,1.3794388916749125,1.0918363060228355,-1.3634926192329575,-0.13595009833622884,0.14003525612269074,-0.3067133822590369,-1.7368464474429872,-0.455513007770718,-2.482535271700002,0.46950114315799524,-1.2648288070074385,-0.9347355265615179,-0.34424638818071795,-0.0635557388219434,-0.6975405945842097,-1.3254748492954247,-0.2635991525863169,0.08549727372633396,-0.2788689213062073,-0.8985471144164832,-0.8527546426519447,-0.2665121366573867,1.3695860698909317,-0.7480508674080361,-1.7886823652163106,1.08289319769022,-1.7987749681983407,0.8904903995331642,1.365908688225957,-1.1759430479488238
GSM1424099,0.9556208480328142,-0.34851586940684887,0.1432000338679799,0.09359475216653085,-0.17667257958655155,1.7401261096368201,-0.6857302047739522,-1.417019645783669,0.4874875149333919,-0.06928090319859907,0.002583847679966748,0.7717606150224344,-0.14687384684901406,-0.7382325885247364,0.3124781936197289,-0.16223067492446955,-1.8263893830704525,0.7505137741572189,0.5034484986938955,-0.7320718272651331,-0.37619711919405474,0.009937594448938393,-0.04293767578730789,0.5349068935339094,-1.616186024696947,-1.6437197314357668,-0.3368564259006574,1.3950193990322328,-2.4435886483907825,0.8536380948788318,0.30778690829452027,-1.9221007340693226,-0.701912331638867,1.5634406241866075,-0.9221988213166908
GSM1424100,-0.6748559309737379,0.860375031335457,0.3621588846367743,0.06166736875476069,1.0220536931342625,1.0576070084623446,0.7329985373629537,0.15293500412813973,0.8440540141307683,0.4314404845381957,1.5986804442690221,0.9836085391901399,0.06268306519768689,-0.16049235591074565,0.5037593655570239,0.05039958321209324,-0.435337378545075,0.5652621397966199,0.8209034239190467,1.1314240356191994,-0.8960237000167699,0.749070069560018,0.8665174628932382,0.597452072023447,-0.21095261098277238,-1.3875917158444544,-1.4158862495014513,0.9135118108873641,-0.692126671958931,0.28180182174698465,0.18930841705096244,-0.5996382547373957,0.3851936612753703,-1.4269624432271917,0.8712032336503505
GSM1424101,-0.8729664222763599,0.6762670093921196,0.03646422395994369,0.5745701466307678,0.7035108770750306,-1.2966736588184318,-1.050985009163605,0.8067124623953039,0.5403820159686381,0.7893815122498892,-0.38259780282101974,0.041731368805599085,0.40187924075777776,-0.7179694883895245,-0.7502846253426233,0.46490385077619856,-1.2155929218906134,0.07980350840928666,0.5682019044754966,0.37013041493955817,0.6783706695334704,0.32207045359659364,0.8290951807797401,0.6543479224806106,0.2064340237866022,-0.9097107636723405,0.13695116747908692,-0.05814318974779687,-0.4179299054228859,-0.08301193521878418,-0.6730955519288704,-0.10335082736258369,0.060167479857898956,1.436502816337657,0.5593448366863663
GSM1424102,-1.195305549552614,1.2532994239318427,1.8672797394983995,1.34246531226436,1.6892646425206541,-1.1412687161689417,-1.496339129572728,0.8602961410978022,1.510034617932344,1.125627661314719,-1.2408930990935916,-0.9190627363731954,0.6212705056059817,0.23887639576730055,-1.5922891765070848,1.2393712797974685,-1.1740763160073593,-1.633824779233995,1.2345671795773827,2.3242382576334215,1.2134162331739349,1.090153885539185,1.4879895883674672,1.37749504106798,1.2625943051477497,-0.9336311698364249,0.7918034595787059,-1.8303488904051797,-0.707325699512775,-1.4227311287701003,-1.0774773678259664,0.8224325307755865,-0.33310481718995955,-0.6174599089134295,0.9981641738445465
GSM1424103,-1.2201113663638234,0.8073904081714146,0.6429875911268901,1.0817859485938384,1.44621578893446,-1.6210575237569416,-1.4256962917025926,0.9085678474504352,0.8616005365226563,1.5259778633081391,-0.9205794549297635,-0.41540027856126344,0.7729401901862808,-0.2283016229364911,-1.0952254114937519,0.5682480628966365,-1.1113512054506984,-0.7359748074612361,1.0258018524574157,1.4939058243968009,0.35080376362269483,0.7062643483860657,0.9670040498624114,0.8330543569930423,0.8018329290951207,-0.5791090765292597,0.863736460273737,-0.950297366112134,-0.25000673816270813,-0.8576247468487801,-1.6098498565385868,0.33842606676005477,-0.45829967282518586,-0.1917261663632378,0.3488876296957999
GSM1424104,-0.31410333983216754,0.5323545725805179,0.6502247096397102,0.31309630398085286,0.4663790765185501,-0.7936572025398461,-0.04490850238033787,1.221347709943312,0.37284980730442935,0.514150793231036,-0.12647951959545106,0.31604612244080743,-0.6893551750339963,-0.14919453057465504,-0.16243847579974394,-0.08214997597813169,-0.8764270471623254,1.162409322721784,0.35524101258542057,0.18028536712838059,-0.5170862456415952,-0.07571364989054002,0.42071228234656644,0.23547114925558163,-0.5602018159348767,-0.5992931352669048,0.11611769944539019,-0.012086203922945947,-0.13165275404070612,-0.24547217692844936,-0.4429461541916302,-0.8015487044839272,-0.3504849822710408,1.148063203554676,-0.3298990955377571
GSM1424105,-0.4235508401576992,-0.3695757248092622,0.585322178863741,0.17422464055948478,-0.4922685530729314,-0.4535029624529551,-0.05482271372925894,0.891976913038027,-0.2514957089503686,0.9417860568682086,-0.10416761398770179,0.6207070894376797,-0.6076781245210419,0.1508083432078761,-0.02299343203143766,-0.3956771534276734,-0.024158665299783406,0.31008370646871675,0.005508580799587223,-0.6057738310967682,0.3329469607409382,-0.3737347106871782,0.2727269942280662,-0.40664043187218707,-0.9548112846747202,-0.16059351702063443,0.6338187199336847,0.6189598116713018,0.6129064542986817,-0.7410862906902322,-0.6785166664771113,-0.4611545917516443,0.8617834327545317,-0.35710981034194716,0.1889047456739854
GSM1424106,-0.6281815222056406,0.9894262138339762,0.04163618545300438,1.0527437994907267,0.8684872745869731,0.14638500695387804,-0.15295562144548971,0.2793312126759856,1.343093179850321,0.8413705277690823,-0.88757823260975,-0.7163373672054726,0.46293601673011076,0.06215790188613147,-1.3377814850990697,1.2251270860451404,-0.742568022497771,-0.177426092074338,0.9946228583897546,1.649935901799088,0.7584958698720944,0.7307884641390221,0.8739461170719423,1.2531434851462293,0.55918158282675,-0.8432707511028684,0.5493108455264742,-0.5185108144100612,-0.0014229137752876304,0.05987305883172323,-0.23728620986106802,1.0548360755169033,1.5126151392928195,-0.7806229718838003,1.006569614288613
GSM1424107,-0.9063468056136313,1.0911726263871477,0.9186790391027685,0.9129675769146761,0.7259862095149433,-0.7641902582351622,-0.010810002460623792,0.825295849283289,1.249496512039194,1.505892486243263,-0.6628378651911191,-0.5863526944582489,0.9461654440853929,-0.0164906445181465,-1.1234887767126374,0.9931105261392277,-0.5398795812808981,-0.5131498871415636,1.151158049296461,-0.3118639713892904,0.4034008108248809,0.8061677949523485,0.9658621426081572,1.083433375844442,1.0265793399169292,-0.7013394533375842,0.7192290760197622,-1.0777964354474432,0.7060219574016483,-0.7110086989209969,-1.0636304173891469,1.933992914228994,0.6786074761483908,-0.2529902171661091,1.4560662049993758
GSM1424108,-1.1835232980592127,1.9859457646947676,1.5234452635546873,1.5012133593363683,1.3089579182369544,-2.159029869953727,0.23845654045654388,1.3531942998236228,1.6494095874728798,0.93422605548522,-0.93966186966257,-0.704138276162132,-0.09012590744831725,-0.07872933774928334,-1.4374553493391435,1.3866102310242818,-0.5179894273925104,-0.1784484106386255,1.3565927151413983,1.4397853866155839,1.088533291653769,1.0639271041624425,1.4587593697527435,1.4977765650857482,0.11355026931608128,-0.3631959833899429,0.8964259210361023,-0.6279162472387019,0.8091678293362204,-0.31461507569557484,-0.9338364992653523,0.826837688677534,2.564714604654475,-1.3539727613672308,1.343067903962047
GSM1424109,-0.15350048121841456,-1.3347262796676123,-0.3885726856629775,-1.1771978542679704,-1.0350867187037973,0.26886444855672265,0.40642136606314644,-1.1333878707982081,-1.1818022360001794,-0.4456742827837272,0.36020967620951094,1.1310607143305667,-2.929026859346977,-0.9205539360155489,0.5189887854915989,-0.7925390887225326,0.2857809475838959,1.26362082155536,-0.9572502304876024,-0.8449654144118116,-1.5394743603212628,-0.8986146321648836,-0.9640090876147624,-1.143453270975419,-2.2676877367709314,-0.771946042850788,-0.9374756115145356,0.4324069212001906,1.7089907058103089,1.4128385498157785,0.30682911092919346,-1.5688132887943145,-0.8656811676722118,-0.42617784194393266,-1.0376564179916998
GSM1424110,-0.8607920736864707,0.09423383535385792,-0.2901872039312889,0.38392795962849663,0.8097451893631791,-0.6626199910869318,-1.6501868211463024,1.1153345012776525,0.250186767807828,1.2266829244364545,-0.32127180848008124,-1.002740867476468,0.05441954731981806,-0.9031799425335065,-0.7271839857538489,0.599994216742836,-0.9462685920349124,-1.057182201840676,0.48216764271623086,0.37037692026812624,-0.8290253358220259,0.27530017647771327,0.10605921701794073,0.2878142345337317,0.04744722381580576,-0.6832082352195814,0.7937026624237916,-0.8833467735082099,-0.7974842402519838,-0.5549092314595733,-1.4726550036430779,-1.548562248106169,-0.7896971690174113,-0.012455781390815678,0.39565340422250295
GSM1424111,-1.0176098920657182,1.3702476254367357,1.3359446630892706,1.2292663205806347,0.8836486625308776,-0.9272095422452223,-0.1772411673348567,0.9189533347269596,1.409900192842611,0.9223685340027598,-0.8025078474572321,-0.4438224804084901,1.5453715753521293,0.3259103345246839,-1.1763783560286891,1.0180708605381543,-1.1546862039730454,-0.5551486162928431,1.2785728791589965,0.9238088935900662,0.09241770440221124,0.7976244698318958,1.4190366398698184,1.2376132960558592,0.6349655645401048,-1.0884671275599862,0.5636108562071027,-0.9965937917023018,-0.20150163940092006,-0.6252047434886971,-1.222985913439705,0.8130570812193919,-0.19315186967537196,0.06407483756885161,0.6805100596038844
GSM1424112,-0.8735107057369605,2.2082849004197156,0.26445366246658236,1.1194615285874598,1.7013026587679385,-1.439839059797433,-0.1975879366619654,0.09229791036291907,1.2084813442377802,1.0021903597637618,-1.0175047941374007,-0.45809218916761724,1.590459233969778,-0.028482642522258312,-1.0684319741261061,1.1888859436269041,-1.1094234239603817,-0.663148990195914,0.9496947700680695,1.2956400321737682,1.0815062341232153,0.7118106596528179,1.077824845340703,1.2929094160283572,0.154958104307519,-0.4158857868565206,0.9951950016291494,-0.4200279850427967,-0.6625775945269008,-0.8031525831723966,-0.6551737101896169,0.6380862490093044,2.3635216634150846,-0.7887095631476766,0.30313180100534465
GSM1424113,0.9276684450155482,-0.11261396851726269,-0.2483904085888007,-0.17323154700649782,0.4563544066776825,1.7769627270581814,-0.5658370758025827,-0.8984373268704511,0.5016741405059246,-0.0029216120892065624,0.8392703250156702,0.6926719105027125,0.7380788148243462,-1.4265686999334977,0.38949002522270304,-0.3443832201059363,-0.7749264830542618,0.286440497969181,0.17063871180485699,-0.574360405261277,-1.0101514724871186,0.1746969759776834,-0.33545484292127103,-0.07929794385176557,-0.6947138351446159,-1.6562859560070196,-2.0228916571281603,1.9501179036353646,-0.2559741601818116,0.7774748446915214,1.3031754680101861,-1.6385058219168025,-1.3712338300235567,1.129841955276205,0.4595672864125335
GSM1424114,-0.697549075938394,-3.1751362203064954,0.0012219283750433915,0.7805557546369354,0.6107254576710436,0.2984000940697649,0.3155328595606271,0.44928552043762554,1.0028758626405538,0.7108040043130828,-0.299414941140154,0.12652830327923098,0.36433650533285417,-0.22533922302034,-0.7645699783360485,1.3027558571254267,-1.5928933450188627,-0.34670021419755637,0.649143602812301,0.9842922019414293,0.3120376654174702,0.5126435980855828,0.20310178042315266,1.079377833614322,0.917063608235726,-1.2047796980406393,0.5814891956574417,0.16310692627479187,-1.1989695799497968,-0.22484089982898245,-0.8513713975275525,0.8724501014539103,0.8042686545280155,0.4537804642279115,0.6168497807789278
GSM1424115,-0.2130829842508871,-0.12096098980356672,-0.09031174445299736,0.0906986926977776,-0.07306192187545286,0.16763615508132398,0.36511025957112947,0.7231409113471429,0.23086393836507113,0.03914865998460012,-0.17373900686414834,1.073147511586498,-0.153457946576547,-1.2615931773478408,-0.1979389028068965,0.5362163634558131,-0.4207500093539422,1.7485090004911334,0.2735824354697128,-0.46252307947932125,0.45290892169467845,0.1977008884650759,-0.18065445417022244,0.23820895355115837,-0.2889989911438414,-0.790904609670801,-0.28400492573447506,0.5181038376541774,1.2613318211379452,0.004484530090278867,-0.3228386264502153,-0.24996072567442465,0.4591212895465715,0.4965685241368577,-0.47539909872239283
GSM1424116,-1.1088135264878876,1.1527902031574064,1.0716072027982046,1.3909960409720115,1.3672780607551316,-1.6142190718796148,-0.34872970847187357,1.1258621743468962,1.4278970960365698,1.0574697604342378,-1.4400200565263355,-0.4422986766851324,1.0608916057314945,0.675906012593339,-1.3800138734680296,1.8805186300577708,-0.8473573821191432,-0.8547029897256155,1.389434936625259,0.38835057760198843,1.0441751668796517,0.975730547086234,1.7707013178354807,1.2694228295365437,1.4497713601665083,-0.42307380111798215,0.7859295677671094,-1.4845067173073716,0.48528676615423316,-0.9453562096290317,-1.7151376496025552,3.1857833284329073,0.5689081530115742,-1.4742812649575558,0.6921870622978288
GSM1424117,-1.128607843526184,1.4250571400012473,0.5246432542873207,1.1372901284058337,1.060889541566006,-1.3398639887362127,-2.085200165152929,1.4595455700224922,1.53685070045143,1.0379143405478546,-1.7255578254361368,-0.4126893052830656,0.5004114630180053,-0.18555299614987808,-1.4050313263700978,1.3939314480837812,-1.0515271369507102,-0.26753981304060376,1.215606218775004,1.096697514313161,1.1569830795254787,0.9090364675050457,1.6846192391051793,1.369879738421503,1.405765391375925,-0.9567445031104057,0.9314070643908741,-1.1011096756497,0.24089220232026945,-0.7699438689765784,-1.0502240352008692,-0.24993955803255816,0.6781825198425989,-1.0472391588296313,0.7324044562964843
GSM1424118,-1.3160750987750962,1.1905084079484503,1.0463183202169646,0.8281224589523565,1.4056399983392114,-1.025564899316078,-0.20117454449906708,0.4367583596582697,1.471959220290919,1.5616072088817865,-1.22028776933697,-0.7938475288608842,0.5462144033452843,-0.16322968202718924,-1.1491692809372362,1.1865959708720328,-0.8104955908281181,-0.6435308015322561,1.3511070933066347,1.091101830051624,1.1082840511707128,0.864443462300025,1.055980003141166,1.0846567742537598,0.05810801633864193,-0.7151290534959336,0.8920914589678811,-1.341388317126247,0.26621717402892425,-1.1608126196623332,-1.1005780034657278,0.655798913842601,-0.49711268415773824,-1.3664803632929055,0.8461445931669018
GSM1424119,1.3733413076013257,0.18357604119891066,1.1880049511289943,0.3315119127339645,0.468934659433485,2.017096180409889,0.23464533401954238,-1.0688432966892754,0.7390356516688358,-0.0912515758873315,-0.22999431003966733,-0.013020937256997779,-0.0877188217841005,-1.4302325386364294,0.058935440929807965,-0.4721277312896312,-1.0504994680959605,0.5533779871687083,0.539149683595501,1.1017202898601748,-0.10865695968849967,0.5383373282680892,-0.1686884132670794,0.515734728834464,-0.5654171134394514,-1.3235337356960188,-0.4110589906260638,1.5428676268318107,-0.6387400760091436,0.836119624022209,1.1286396670134395,-1.2065165369575597,0.7768782585089217,0.019124340682838813,0.03890127232846605
GSM1424120,-1.0857467822168563,0.7230241519672513,0.6946433048852336,0.8785995221878724,1.0024342717185557,-1.001577706411152,0.6835680505230972,0.6260080200428955,0.9664457926296495,1.1706788884402843,-1.0418294308986986,-0.36314114404725056,-0.8372867996649466,-0.46040069320109195,-0.7704287152317727,0.27445952720822786,0.24722935184325523,0.3356601690512045,0.7332274464911953,-0.8292050370312792,0.9404177216019706,0.595665314225845,1.1494917788878467,0.717841595021152,1.5294469117488239,-0.5097071569719657,0.3652885116162628,-0.9971825210553563,2.400462053308443,-1.0050979588228621,-0.3868729074133231,1.464349603115216,0.6009585342402745,-1.8031120568607797,0.5805061321915288
GSM1424121,-0.8339470156500657,0.8124289756235016,0.8510744907632121,0.5426066671615192,0.34562238631466347,-0.8077994356685845,-1.1197911191529706,1.1745715463427426,0.6968655687749954,0.7040302322584723,-0.8060503419274626,0.8425421352271881,0.16096259888131792,-0.5157336275895087,-0.4891793806523843,0.9039576517867921,-0.821744629931803,0.466204968167241,0.798819221527761,0.5779220297742311,0.041495197692635995,0.42970238136134914,0.6155711425700442,0.5936424508877889,0.014394391035887648,-0.5449324547080175,0.274885624665291,-0.05990981998565889,0.1837312522331268,0.36303525007657433,-0.8086255940271552,0.11838333041960636,-0.3372527529703295,-0.18529346068879476,-0.004022187836164761
GSM1424122,-1.4629116777710451,1.4955897084268395,1.1507631754338181,0.793405877956283,0.7830683113783434,-1.0460217695327643,-0.365444198447424,1.0540490921362031,1.5607249799105083,1.432204644436999,-1.4289963768105292,-1.1043460672417658,0.788919997489377,0.31821811451160104,-1.7180031079872033,1.4881932508063007,-1.154274400917772,-1.2363605252977081,1.4186352200794143,1.083966398744766,1.0944234123632,1.0342596219393174,1.3811785037500048,1.2860236880414702,1.849732185644256,-1.2268255541924062,0.7273320088821729,-1.5972445983141652,0.0071720207262271195,-1.2750823982826465,-1.2607472008681149,-0.18472516267245986,-0.5128763158987918,-0.4479206623615681,0.8824669022794365
GSM1424123,1.6485856217887302,-0.14066269892373715,0.8150089634028909,0.9248324643794454,0.4685798739945221,1.071451655539116,-1.3083795467403239,-0.7978771655208705,0.6844282257985606,0.8926525371503555,-0.7244032517837512,-0.8263670824401856,0.3349004150640903,-0.8674393773645577,-0.5982917740479137,0.23411049612763074,-1.0437228475257134,-0.17212689987441548,0.6258179950718278,-0.3054232780359753,1.2718249552590946,0.6821704881325723,0.4818724177493598,0.7104674867025554,-0.5939854155024533,-0.645153744900915,0.5804542243463573,1.448178974956664,-0.6903157186994501,0.08820213600456829,-0.7906208714145082,0.16180709359805862,0.4798659995017655,-0.18868134579071533,0.28296021562750684
GSM1424124,-1.1949964122420873,1.4356900982443543,1.4678266370413682,1.77424803410974,1.5115102288345412,-1.127253158874202,-2.100250933951649,0.5832989625548954,1.3374716047061632,0.9360873948815178,-1.894231307132689,-0.5798804261993952,1.6603981457468033,0.22991015911433446,-1.8937476647593698,1.6630385989229675,-1.6474181522407603,-1.0188936262513508,1.49294455301723,1.409515410268045,2.480912940872408,0.9812110440362108,2.034297311299741,1.4911218886550386,1.704802441893385,-0.516224089647425,0.5291180951367793,-1.844312893708422,0.12012917248654194,-1.0223903540519692,-1.5357610670269002,0.17969412408292293,1.9359290856708873,-0.3860260215999323,1.1025457421004827
GSM1424125,-1.021185290678942,1.5355941338632875,0.7349120022464632,1.1280828908873233,1.0777775621394796,-0.7657550623378058,-0.6882413549498185,0.41499800896421724,1.5411648749679325,0.4828818055365955,-1.1824830925298029,-0.03459520328098394,0.7924270273638407,-0.01290748611572497,-0.8382752598879576,1.5408443740028277,-1.2088105893647862,-0.6509216941194677,1.1316254329405633,1.687370123837817,0.7738093394565991,0.8835981147802852,1.486938407990948,1.3265176271319596,0.6644073576878893,-1.175617789692498,0.34084949623150873,-0.1475922451333374,-1.1028665390909396,-0.5237047357909478,-0.6916232995721924,-0.28098604632492974,0.022342679203298393,-0.05353063208755169,0.7959139396697525
GSM1424126,-0.7439852555913984,1.4882925154932616,2.1011534638002627,1.0762362254708882,0.4900119320129025,-0.8872571079392111,-1.2623031596332794,0.8578319576328396,1.064952963225807,0.5176686814282289,-1.3968647429424295,0.372597082765723,-0.2429318760068357,-0.8387691524756534,-1.1625167737320399,1.473284315925995,-1.7490926690142956,-0.06854158256381473,1.0066293075907105,1.4277235203763639,1.8815460208369346,0.8951809868162999,1.5201705161839378,1.022980106815508,2.17428769696411,-1.091407891723069,0.1348211333249837,-0.05127226970211444,-0.119933950055994,-0.20946267087317721,-0.16297140056462395,-0.1183072214611835,-0.07251995582080488,1.3264872316221936,0.49432566430687674
GSM1424127,-0.997678803488404,0.3245938278436047,0.49367130230561274,0.7844590294238379,0.02465901307027382,-0.7879417217151264,-0.7011676778566,0.9965590068889484,0.7370424030366464,0.7210876070526826,-0.376885736248748,0.7529699036059473,0.2270391989856688,-0.7278254123674885,-0.6123181560599759,0.6145795828359975,-1.2993971937165791,-0.03406153582028293,0.82861719841532,1.1352872650000332,1.3431030141833498,0.5703676787783803,0.9586441416398269,0.816828820202421,0.6428625159880683,-0.983412998609478,0.00768402681454093,0.18234188601263174,-0.43266138546464444,-0.5381187941641943,-0.9550084142023401,-0.777689215140584,-1.0153941350718358,0.8775651775641664,0.3970093544011925
GSM1424128,-1.3078107906377499,1.6610660946528932,0.5622890457149036,1.2511272925343395,1.1762395130070493,-1.3213233459035856,0.06235878653913705,1.1318010231214317,1.3139569846069294,1.1658822352022937,-1.7263536237452641,-0.8857238279308985,0.5331718244114713,-0.08276857426711233,-1.5980674397755428,1.0051449088736175,-0.6141943421185141,-0.5784331635415958,1.156297060258451,0.8044757039393408,1.6006930769190448,0.9493569147169589,1.1308041277497294,1.1396771988100733,0.34601965043782906,-0.34645512616517715,0.9886509007575097,-0.13753170062916448,0.4755366520464013,-0.6125526797560191,-0.4995342106808444,1.089074674051357,1.8980888564526985,-1.1630190140333185,1.1658030937965986
GSM1424129,1.048605034888143,0.10956183994314116,-0.15841989186828584,-0.1586362323367238,-0.06138102785553222,1.3686479494609591,0.11951059421383096,-0.33002229414380546,-0.3525380534196339,0.05332766429517413,0.5715605384113066,0.7594890581332122,-0.3822115772631995,-0.28714382886311773,0.3661102534406283,-0.10614596135804927,-0.46133974642635556,0.8676395178280237,-0.13170347459423304,-0.14655318786657004,-0.332958483200736,-0.3896125265383329,-0.8358328661283174,-0.4395296418619908,-0.9174593478492541,-0.2172599738325455,-0.05572464083514057,0.944230659934545,-0.5030468242180863,0.4393716840891923,-0.1632813440701363,-0.3348373978178741,0.6634418689481636,0.46895443445155766,-1.4774340867883033
GSM1424130,-1.1342121133913579,1.5772392078488062,1.202684209700578,0.9586523125190132,1.0769662901663641,-1.6194005221218915,-0.36530349541240315,0.4335110435068465,1.427111806432388,0.956408008040929,-0.9471944241998549,-0.01975968350688218,0.4628579982765879,-0.09539403272455493,-0.9192300167131909,1.1391836120740861,-1.0215096400273853,-0.5814759339487304,1.1891838700341975,1.2546723631122843,0.34635043274995764,0.8176696303126058,1.1107034315618274,1.382240996676982,0.6450962776444432,-1.0980802381554495,0.6217350002555818,-0.42601682175306566,-0.7056552469562872,-0.5127807581341013,-0.8126458598260884,0.5225509713082265,1.0108642762517757,-0.3190271900964648,0.9858440435288314
GSM1424131,-0.21735793565384257,0.32365842915656373,0.2785318086213544,0.34013696875399546,0.7748430194059616,-0.3257759233477414,-1.6980401058236834,-0.011984455096399555,0.355389278222788,0.5359515010818089,-0.7170358736430112,0.4320642304056992,-0.3784168575589538,-0.6101549611357555,-0.5180338845907113,0.3627728939470396,-0.6658488177815508,0.6596150118893486,0.30092119980205506,0.18103677603171806,-0.1690277420501118,0.2575178554769996,0.181848331469175,0.1873324973968034,-0.645273311233586,-0.18108164466815282,0.5122120854559326,0.3471024067570595,0.013677862844089827,1.5675195553088856,0.05148193236570242,-0.2482021697257528,0.2737705829896581,-0.5634277370297022,-0.10716538326629654
GSM1424132,-0.2769505283900132,-0.08224162214980074,0.324261861907236,-0.2899991843728422,-0.3011847935492651,-0.5179017895621378,-0.14896147835250298,0.99204719989863,-0.40794474344228726,-0.20301381264156657,0.41982501637489145,0.8061154888498194,-1.058345242218308,-0.9751242467200334,0.049128445293762,-0.4696173968508354,-0.6065962731937907,1.0532988442037963,-0.09227522588340376,-0.43013815924908255,0.04551253862227307,-0.12511244336948069,-0.36768269843312196,-0.3994852742740291,-0.7199491456506223,-0.6960493779542962,-0.4390502803340256,0.38816533160682376,0.3259529332789763,-0.07089893428370563,-0.7950939774579862,-0.6513934873348171,-0.689756524151406,0.15085094599494633,-1.298032175519455
GSM1424133,-0.49185336961121373,0.8521820529594837,1.4548434611921017,1.0722762648794348,0.5972328820837086,-0.8125919195899335,-0.0576865025018298,0.9662078942759483,1.2484082711490898,0.6302183372106306,-1.1069813022389918,0.49272247403678654,-0.3021186680855852,-0.18915594125996626,-0.8684631433418964,0.6551857267202444,-1.7863115970796264,-0.9317390076767279,0.9637850068194473,1.0048262421445953,1.240158169170766,0.8265393407182912,0.938227465636364,0.9925549246078516,-0.0505621255938026,-1.4156324810241196,0.10493280273664593,-1.0228475202505551,-1.2918699141285164,0.4610463860928139,-1.0910434215324416,0.1913223977564489,-0.08220037326182034,-0.4809767483059708,0.48442945655843894
GSM1424134,-1.3315770876985127,1.4402750734133511,0.5926438579830012,1.0069149722283701,1.4521319275687123,-1.5244710312551915,-1.0582235369829676,0.6437138539914423,1.5016207070626526,1.3131454381075496,-1.6782955227896839,-0.8068584683449375,1.4925768576103182,-0.6019324848387463,-1.4200657689790352,1.6204105633161108,-1.2853328974323446,-1.1813749513668483,1.3559171604548996,1.4265760267642953,0.9835263415528738,0.8945725401734587,1.1369354918605865,1.278364133147793,0.18601288885961362,-0.8321243112461717,0.8582251133134792,-2.226742195699914,0.23293879228636227,-1.1734852508850977,-1.6647083784884613,1.272298647943354,0.9140238782575436,0.19811295073448185,1.097506262174413
GSM1424135,-1.8679235949927648,1.6770351839006397,0.8431680968919878,1.5090019888816384,0.7935169559147415,-0.36026776086599005,-1.5342883051394678,1.3839445694276418,1.3775844599974527,1.6121370035331786,-1.20629772588115,-2.050171442521798,0.5786719091124677,-0.3277030014833446,-1.840032374661419,1.4655654628099422,-0.6617171839840238,-1.6644897605680231,1.4780150468321642,0.16676668499431438,1.8636758505049298,1.0399724837219908,1.57871750894042,1.3164101005812259,0.9476410822881952,-0.19665647203646713,1.0862309007601572,-2.757287148851086,0.38576367186787075,-1.974773958187489,-1.629721980429167,1.0198908110536282,1.4804409941518561,-0.5491492733570063,2.002350979893074
GSM1424136,-0.21991595581084605,0.8237956557482278,0.7551403381613914,-0.1504464135811821,0.7970955949515655,0.5874590235656221,0.2656552899429366,-0.5770433751020088,0.4697512983781823,0.6779288678269675,-0.07645175254888546,0.4250481507233296,0.5217960234453678,0.09071233056472465,-0.44533580753325946,-0.01089570972908089,0.41786235650831516,0.6752596888391655,0.26747350296592404,1.1637228319693977,0.009551693423816406,0.3195524963343871,0.055670134826372564,0.40258764609735903,-0.6652942435541618,-0.197135718499716,0.21699558259039028,0.16998016460022303,1.404905121435528,1.5763459269159854,0.018191695412749863,0.33436541160763844,1.7009285839715071,-1.684105035897741,-0.04832009939907181
GSM1424137,-1.6395168064499095,1.3212215414309865,0.843457795735674,1.3875564926378208,1.4254498680095962,-1.3112929694832787,0.07518620148508393,1.1032612982635928,1.6458459465279736,1.5807440707516864,-1.6832502470695498,-1.2703656088649187,1.0166155352652313,-0.018032160956759087,-1.7908000648739029,1.2090974580540759,-0.5633521208927845,-2.024625006467654,1.663178444995244,0.9571145438149546,1.2559169859135446,1.0228697156892221,1.4485802312059153,1.2991850112618137,1.2077987472222391,-0.7164187862856337,0.6999576552064048,-2.655327057781862,1.2746214578272885,-1.6365678489591065,-1.4530965728736331,1.1440394037083277,0.11868869235559086,-1.0721432844809176,1.3608359076020962
GSM1424138,-0.2428610630984064,-0.1779711490575038,-0.3594343599351512,-0.7372051993493048,-0.6296935549408533,-1.0227006463356394,-0.7159662039460183,0.2891118178926508,-0.8117834471791328,-0.23186468143871297,-0.21111541419683047,1.3165247767510169,-2.0437437783333263,-1.4744703954866463,0.04314844149056644,-0.969939067209523,-0.8619273485384904,1.2958153587975931,-1.0562000630678379,-1.7160886394919643,-0.9359579023086964,-1.0042931730990898,-0.47686258882961496,-0.8406136046811837,-1.0497535096238115,-0.9127537056390622,-0.8457090791815945,-0.24438291978926904,1.782887417668221,-0.0043776956549444095,-1.3673099559415391,-1.320065140679933,-0.8895663729259313,1.4595928285534014,-0.9392656707826289
GSM1424139,-0.77494579165842,1.2650639902143759,0.8516150759084796,0.6641992173537874,1.1047307399528545,-0.37694197830574644,-0.9218097243871745,0.5411642023702999,1.2462151654929183,0.7134114477085303,-0.672762639395891,0.19324896451254495,-0.3900339848675345,0.004086531127118752,-0.9271729349448752,0.8765552699922166,-0.6823147481707236,-0.5740039879715113,1.1536873832503323,1.6386184736703198,1.054137435064738,0.8160882958442356,1.0246453380980538,1.0963769623440491,0.8921353503238546,-0.8902297362849142,0.24649115625644455,-0.07949748356247388,0.6792176837829161,-0.41277036480280455,-0.6455659806249757,0.3693258491162,0.33567090134785216,0.2585032191299551,0.817824587128461
GSM1424140,-1.0356471993128173,1.2853612390776166,0.9909300321888179,1.2818429528737358,0.7280598044223067,-0.3957492533373549,-0.8554923673632251,1.4006999061628815,1.2989991029980894,1.3155470093623316,-0.9633780215541218,-0.45492274671308514,0.0877865102901645,-0.03461444429459929,-1.0552762482728737,1.1506821228128084,-1.2625183561525972,-0.6207783305695199,1.073904206517119,0.6483334420019315,0.9572775941152054,0.9042884346519695,1.3079770345639252,1.1327946037256431,1.5340421284906918,-0.8709167182345325,0.8021365421917821,-0.3612510972675373,0.02272005999091613,-0.3375226736572951,-0.44716834884255746,-0.4354615095322276,-0.14396348473321616,-0.08386235315164897,1.509889511514742
GSM1424141,-0.4174255492043397,0.7282799217281958,1.0178102797317152,0.10956007130357884,1.116359310232493,-0.2746785695980947,-0.4706468717853938,1.743933817858279,1.062892094437012,1.1810974139513473,-0.7123780127837401,0.11433400479780916,0.8543551401227338,-0.43804874881167105,-0.5114611582786015,0.5202062244660008,-1.4127849767400371,0.1593877403572138,1.0837127894435068,0.8356220845527228,-0.19885383023924252,0.26446837115670835,-0.24210418559539612,0.994951986599988,-0.2886983737837152,-0.9857536601819774,0.533219730236251,-0.27919931250003194,0.9866497733872666,-1.048315258397159,-0.44340700698006724,0.7503695202501871,0.22604471854653907,0.36567485787628434,-0.09951754674019395
GSM1424142,-0.2046648081321452,0.1196403365525998,0.3775325071969202,0.4301738810407372,0.5817976022193126,0.984769834124015,0.4878869119200819,0.08944978823006476,0.27384177276886984,0.16186597685449056,-0.06610336616287132,0.7192505350373449,-0.891664417133359,-0.3459518477559426,-0.3025280790783579,0.14354537924880645,0.06682499572085118,0.8557342782455827,0.2442430449577584,0.3515956619905666,0.14158227180062624,-0.11016775812392544,-0.015978809770875218,-0.15100577334337076,-0.24639093904380197,-0.5091459197676398,-0.06052707956704913,0.12216408136748341,1.3444346268883363,0.17989225695441563,-0.3470563462786965,0.42392344082493383,0.5523590061417403,-0.6991874148473701,0.5197239493385343
GSM1424143,-1.0097404837203314,0.8867889159142441,0.6694066289782761,1.0546915968780632,0.9037761830245492,-0.30498244274958175,-0.6701848961710597,0.6361591229267345,1.1982979742393007,0.7963394714626574,-0.89618500134106,0.2381821195873385,0.6660910669290327,-0.4402200651626961,-0.8309679977014368,1.095927970195901,-1.4140533151398023,0.35767250490502595,0.8847465807540088,-0.14151673679458232,1.653464252749466,0.8153920967790274,1.1182666118006217,1.178124177757956,0.19346226978226377,-0.9686442883690897,0.3295002347698258,0.27357702749877466,-0.4458426910096519,0.0993822345008003,-0.4487964444603509,0.1437116202943443,0.997848046841301,0.7458079520225726,0.7890046276789149
GSM1424144,-0.8844162740868193,0.5309404571162895,0.360914650934049,0.833758125069303,0.2679250355785135,-0.1372876456487605,-1.180463752648059,0.8880290356370607,0.8894528406434528,1.2626659353108511,-0.3511313019476668,-1.1095197244457384,0.39695582905850496,-0.5499992915689893,-0.9077462588817822,0.9840061107884229,-0.7055729663155244,-0.652879394950696,0.8455133847879674,0.1040565541950463,0.311293309503641,0.6492887152671,0.9746840279208189,0.8155177005243174,1.120076395171469,-0.8938838881640953,0.578013421623966,-0.7338947951528357,-0.6670802127155535,-0.6246587322147171,-0.9775566698169271,-0.5402886891096231,-0.6753329414188298,0.06087121448995586,0.8726192076721311
GSM1424145,0.581684993985459,0.3035686340302562,0.6182562545181407,0.17182982988890722,-0.1461353271633327,0.7627360333578259,0.2920315292847176,0.03321304852909877,0.6586773599374258,0.47477178431049966,0.0720746361777488,1.0605187067383361,0.058280920215153256,-0.5995700750606463,0.2692380014846191,0.29005970221511285,-0.7602622320761838,0.8214112397623718,0.488064065738314,0.22986072822084355,0.2744782258396637,0.4670851371479478,0.37131408417856093,0.13475644165972145,-1.000836537965356,-1.1977914175936402,-0.4039640876683536,1.7674468399497008,-0.524961947156141,1.5220123158586292,-0.0395094198743698,-0.6097087541369225,-0.6364093587138941,0.0478586491008093,0.23321180272612
GSM1424146,-0.13868571322465448,0.08847166596624512,0.4809872113396265,0.31288770022010615,-1.1077887778349165,0.46432040791529544,0.002008171678214263,0.4024723292868689,-0.1704352961776581,0.300980588466509,0.9829082303060016,1.0278513343817783,-1.2264027388466143,-0.3440226492547568,-0.12209648998449098,0.04209621415755767,-0.7100281697081394,0.7557810679262352,0.3776581128465039,-0.017380165330180674,0.3888189628989688,0.3161398673088328,-0.07750983039282433,-0.19600560939212233,0.1785676816458778,-1.090032433892927,-0.1917255088503743,0.22587317869500934,-0.26042482173317527,0.4736374699967767,-0.5704156188483269,-1.180770117752885,-1.28316132819492,1.3441545633897312,-0.23288222156385022
GSM1424147,-1.9268648413013167,0.39099723131235226,1.1082621734450313,1.3305225275326917,1.4587816145618742,-0.45865734084361126,-0.9899521408151207,-0.3686664671722475,1.7945911096649636,1.1775137137249478,-1.4553451339501067,-1.7623422994342168,1.0026422888170148,0.5901295355970912,-1.9456201944031606,1.3796295427153422,-1.4519518613149438,-2.607668840702448,1.6359678089054341,1.639969530398295,1.1743481009480987,1.3926570803947982,1.613868438455627,1.5438161331372973,1.921157767227267,-1.4093374899800024,0.8563874433101345,-1.6680460304520197,-1.3481690062718343,-1.9156781393579903,-1.1817729032129156,0.4040338171007369,-0.32859721699608446,-0.6526952901634925,1.6191744285639935
GSM1424148,-1.4564988302622912,0.4958513235398674,0.2806958234689462,0.8527405552964351,0.8186832017978531,-1.220972589052421,-0.8145406342934327,1.4651648710389116,1.1027617558663299,1.06093827609021,-1.0523757451523252,-1.4602209283206606,1.5316572497507175,-0.47426393114184945,-1.4415089942870873,0.9327249586256464,-1.121316037265952,-2.0581268564519424,1.2859232170119725,1.0989019876541049,1.2999887658323421,0.9509619781566834,1.1702280846387332,0.9761651454059409,1.2985300308317034,-0.9900694042941137,0.8221291722583374,-1.6375447649087653,0.19273505746952518,-1.63569831662485,-0.8962258383923603,0.5372606168670898,-0.1525804492984903,-0.5664017821119192,1.1125064413160595
GSM1424149,-0.5572026988462176,0.5229815476259954,1.074936608615932,0.7640021465631113,0.13110292511803864,-0.1034460433590626,-0.897626218935628,0.9757532264387235,0.32020133635456843,0.5239858791503889,-0.08378382494438445,0.8107916434815886,-0.29794925509040326,-0.0258758811948759,-0.48148301991700587,0.29127913959888196,-0.7669309648429076,0.8007931529479526,0.643141598080186,0.5369468631194831,0.15370085042077397,0.19294951117018802,0.6872720204835129,0.3698287648497515,-0.7441217232260298,-0.9176583357899424,-0.09506028600794382,0.24736606394751895,-1.2262438900213235,0.5567361890168073,-0.24864288714803803,-0.6377341149958963,-0.9775919182566908,0.6476103013994722,0.0421437687418909
GSM1424150,-1.3028113424553647,0.7801422727867713,1.6389975580271252,0.5044639229954262,0.816241156319356,-0.7522091761292032,-0.2853904834616784,0.7697337885742852,0.8756636257120075,0.901649912186848,-0.14689581064239163,0.11737006390255125,0.7288975118798205,-0.18200072699664718,-0.8994925754724624,0.6396471520650691,-1.2176810950185768,-0.3905023812765015,1.0606013316973655,1.4390100588465817,0.7886655015326076,0.6926904813384877,0.5749469838007473,0.9352721528650368,0.6066567403055297,-1.0573409299579404,0.1256534605604842,-0.13707467735992104,-1.7948778747204794,-0.3765415648329637,-1.1225883866841422,-0.04973674747453312,-0.4671369975269283,0.23788838308906535,0.09372989937518333
GSM1424151,-1.0576999283621944,1.1534937508878305,0.29278509320141627,1.2648328229301011,0.7796931253316463,-0.3420550449907311,-0.7059979573690877,1.402221738475578,1.1780754553832185,1.0779223221156409,-1.4676879543723407,-0.5801818379248944,-0.46203463338047823,-0.3305850069069848,-1.4743871795887378,1.267226289869185,-0.8960658640376307,-0.9500623030693797,1.4652152625510484,1.3881616101427512,1.693273926689079,0.943030681410597,1.6402334605579636,1.111666309558065,0.9519522294145311,-0.6095543345411305,0.8555270922256122,-0.024913113118426766,-0.8865188525244104,-0.9059220775048643,-0.47840830385199556,0.9209978766470502,1.2056465375190246,-1.115552251868357,1.100889041982943
GSM1424152,1.148212831951696,-1.2644446724943936,-0.4948307715233516,-0.5159469727376992,-1.6383504883027562,1.4830919036341528,1.1449576338715044,1.484232578283346,-1.0913260533241338,-0.9975322120640253,-0.008210458215070483,0.7518109120055215,-0.5431481752247396,0.18619087889421343,0.3514468884246553,-1.513781611156459,-1.188223362236896,1.8607097702344293,-0.5814546380972022,-1.6372167785996492,-0.9039527086640807,-1.0916032516228147,-0.45631086534722437,-0.9332899503150784,-0.8089213120778193,-1.1008187903492812,-0.943055697865567,0.46447150953250804,0.7599149283385735,0.3040081655754315,1.0341375343702022,-1.2718170953158077,-0.8859507225893591,3.1502856049171397,-1.4724151053725711
GSM1424153,-0.7725068860589629,1.0639811771429544,0.8879530013584244,0.5843703176648788,0.6843435226154138,-0.8866533545691038,-0.42083959103567403,0.5003546582069065,0.9596071005707851,0.8082922770827201,-0.8046236378975117,0.9566369245781611,-0.6050279018854088,-0.07954476995745467,-0.8070951537318714,0.701834983854127,-0.9229380421540104,0.14402263223728554,0.4771060302986468,0.435603799965964,0.9953058794217226,0.5211678952573079,0.6479941130109097,0.8282189570189032,0.5542449769207144,-0.9214613134938932,0.17832479700084844,0.5286018863964679,0.9861560919977422,0.1314283296286325,-0.35444421533169423,-0.1467198680826267,0.947131339694416,0.39977104863030327,0.35042480772998685
GSM1424154,-0.34940497091527634,0.180347768079279,-0.1603929895970002,0.010686094430637736,-0.4501210182792991,1.395254982497257,-0.10841610585972566,-1.2115082259078,-0.07524704798942111,-0.4489719142882669,1.25453371921815,1.0223331901367463,-0.29409863270975994,-1.0428930059581394,0.09682148293420251,-0.2892034518740883,-0.6175321562208148,1.0768417818160165,-0.141585249622396,0.6313844992040729,-0.5499051652313288,-0.21652176885213817,-0.5583400178054324,-0.1710434258432313,-2.1907719812592545,-0.9408909345299197,-0.4743123682310885,0.8467194866733623,-0.5359574960827314,1.4617779196894212,0.15582669014810194,-1.3002240209529627,-0.7130996054570105,0.09529651127389582,-1.4030271222770312
GSM1424155,-1.5575530984587787,1.8526095432481031,1.5042657795128813,1.0372879577363858,1.3963797123041966,-0.11880012494006853,-0.2707942370736341,0.9481932505588396,1.590120730582154,1.3869695546168548,-1.1244567947085036,-0.8612488493700957,0.37356111316754703,0.46909490435742157,-1.4496342623337477,1.5296773273629196,-1.2819640116426294,-0.7295330239247569,1.4855041972919556,0.39166060539154457,1.4195282450032332,0.8127613149737775,1.39234520957517,1.3586980179409487,0.6334627535352171,-0.7176303513829664,0.6808043109271991,-1.7589900920176826,-0.03789609981123845,-0.7057427266112677,-1.083047591007355,0.7784568169825423,1.1282482538686258,-0.818784723059416,1.1470627249225873
GSM1424156,-1.1814479020624327,1.0601789761936726,0.4749733981980044,0.9165804740963319,1.4694444816349423,-0.5859351404488169,-0.8529444888946973,0.9912399993045476,1.4134511281623974,1.2691016703937514,-1.3770540762619694,-0.48343329337640656,0.40273567218284095,0.007149397501816266,-1.1972809526599462,1.267420938157659,-0.8736357082387396,-0.2699720683971983,1.368083033831561,1.1497700184326065,0.5807815286403885,0.9248247400680707,0.9868920071645894,1.229678437358805,0.4997670897254536,-0.5253787211263803,0.6697927040051955,-1.1590012900860773,-0.16873672612651472,-0.4370922556470126,0.12075469054252058,0.19147586937844221,1.0542198815492403,-0.4101796321561024,0.9711702637440984
GSM1424157,-0.329362054788642,0.48026516232369465,0.26047063314566593,0.6341587032323336,0.6888477838577566,-0.1591057702912821,-0.2328751332859605,0.5896191950963598,0.68425431120192,0.6374355428227555,-0.5680618057962568,-0.363093218428062,0.4219042396158699,-0.016232115298153174,-0.5058010371437901,0.6934738397309184,-1.0797520733277253,0.12959212199665282,0.6286211263765348,-0.43634200528076655,0.24650345915492813,0.39340233824317045,0.48530064232254316,0.626291958594507,0.5810853267204343,-0.8173863902016416,0.19166822144987147,-0.34012607310810816,-0.8573000575243938,-0.7205581289802521,-0.8366908018624801,-0.46198607463332864,0.253266261235289,0.6249337851559092,-0.11336171501936677
GSM1424158,-0.9810759157837109,1.0157485443642662,0.7418038413405958,1.4303663436642657,1.4972487076239969,-0.21461787901372048,-1.4692565166705926,-0.1396974647843921,1.4169935384175871,1.3599309230611012,-0.8720805997751554,-0.8830105449843062,0.4900603223761657,0.6708366031260794,-1.0661217817518658,1.4702416144902066,-1.3370142465400066,-1.1483385047187313,1.230468842522241,0.4810106402158926,0.7443010448083726,1.0555762971114686,1.10781477120175,1.060234233153025,1.1205273212116582,-1.0174196313005934,0.8274969425878662,-0.0032442975954029515,-0.8524320006162204,-1.0789242696399757,-0.833422905244623,0.4165117813102906,0.2901326551719478,-0.08496330522306955,1.3383937180022494
GSM1424159,-1.4514105366334535,1.0713243276298905,1.4161364486132726,1.4699096294891167,1.8250010607701448,-0.6375660139912531,0.15980450711655317,-0.27463641051859267,1.7301440804683226,1.3766586428593834,-1.6248660670557364,-0.8353591989175815,1.3976449675788236,0.043749613223894465,-1.597754534341863,1.5534937933581259,-1.324488988536125,-1.490613243936398,1.6348669828689661,1.5211063371457516,1.5828271278871182,1.1550226251918496,1.417725792912195,1.5230818014536414,1.7555143841807284,-0.7127280423688028,0.9090989146851116,-0.870243692131232,-0.7599466350771201,-1.4527040764850452,-1.286331189786124,0.4281266231076616,1.5360564938404104,-0.9774673042962735,1.362728603389933
GSM1424160,-1.0135370150062708,0.8603055018383448,0.06332402515713074,1.1197065575490663,1.1349098541537523,0.01024475147045616,-1.2845139877028615,0.3448405766325977,1.2254447472929582,1.2831476987143344,-0.9298929061823741,-0.42049540703981864,0.7052850814106256,-0.7629939767956422,-1.1222756795867164,1.1119633693485764,-1.2452644413911365,-0.5226462068998559,0.9819387512809845,0.9389723103600122,1.0350466054600544,0.7502959171745134,1.0631510764141157,1.0727681926564263,0.7784422324517846,-0.6766859093146924,0.7570318604958086,-0.1617787274903838,-0.805888336469147,-0.32503014694231336,-0.9893952121079435,0.6522320045081048,0.5739189703410371,0.7183266646808877,0.9605772643250318
GSM1424161,0.5303106891269901,-0.7983164738157396,-0.04386454700678214,-0.3943500705385009,-0.0948072619388052,0.8931765045825714,1.1149132639790602,-0.9005216076704923,-0.4813821090301862,0.13757144193806736,1.0051085623797753,1.6912921478808922,-0.9736969008602241,-1.1102973050336418,0.5929809041585681,-2.0235090361054664,0.22280702429844051,1.2948923960017018,-0.39645949763935284,-1.3939571256960386,-1.7592598666545973,-0.6207018150954426,-1.0974573749677672,-0.6372553397694716,-1.6384762963247754,-0.9938508090803455,-0.9837139388083491,1.3090060089667868,0.7690554386433843,1.9965737969132318,-0.18111426105617828,-0.3388572101172413,-0.38006086786277904,-0.23736947665990882,-0.8479973675116235
GSM1424162,-1.539003458479456,1.6488783165574472,1.2562724075406355,0.6930375169894375,0.5321830988492331,-0.2599535254750309,-0.17514350412114885,0.8446109005629744,1.0162994031233077,1.1227302015572043,-0.7461242317376547,-0.5310956103680056,-0.12062221044767808,0.6239061601039765,-0.9858082456375112,1.129001893078876,-1.1448738082426217,-0.9938945383413919,1.259534519812212,1.5245151080789574,0.729454028882534,0.8352635432807658,1.084459900048642,0.8138000084299032,0.5960052329060492,-0.984117122259328,0.5349476389543282,-1.4087223418302826,0.29570153900253426,-0.7487611607915545,-1.2514014113862288,-0.13785333738963848,-0.4892888372018532,-0.7622513256884301,0.8407503313311429
GSM1424163,-0.5812215187689791,1.0935771193892867,0.1753742614186604,0.9054729821233339,0.5079838668061858,0.4443646223484188,-1.1342910418736936,0.5567909393758317,0.9755824322448681,0.6828924575761834,-0.32185668050413596,0.16680759202226342,0.39324903039455456,0.5149797298054983,-0.6682207878352229,0.8558369508859734,-1.0993641996985934,0.36516706739268245,0.7893982622897969,1.2821282942265082,0.10089808519476591,0.4385669877996111,0.754546938878129,0.7896014306935373,0.6501259646138208,-0.9963524483110131,0.4988018064058828,0.4019632336403385,-1.0257070935253527,1.0735910029474856,-0.17772750069608806,0.21284424317192643,-0.28184989913644937,0.8103290024199451,0.3552744399141609
GSM1424164,-0.9084821792935053,0.9822438889939213,1.4774328680507471,0.9990751426015707,0.7592631431392941,-0.9801534005912639,0.013473585630626929,1.331188456471829,1.1235556015995756,1.1020126612865548,-0.30253285848112116,0.04832720432356569,0.7379942945806703,0.45160881917644796,-1.0375515038162249,0.8414941597079932,-1.0145370858243925,-0.3997529262392872,1.3506452259057777,0.8416702051998295,1.0706342757712282,0.9271103324975807,1.342656080031141,0.906336861581916,0.35980180725068506,-1.1994448998143206,0.331527603317709,-0.4703986135780961,-0.21990054246484644,-0.7731062595468736,-0.9521590493095626,0.09362241294319373,-1.3385565795481913,0.6581232140900335,1.33908278331129
GSM1424165,-0.9232966670177183,1.3096278072659873,0.3382760815220703,1.1112585440966676,1.0031146327414695,-1.4130223476084878,-0.738282831425804,0.5507206427981314,1.142260281887308,1.023206947299418,-0.9025156279756508,0.11925463782915018,0.9115298295319874,-0.1670991376006234,-0.8215508711064244,1.447103788755654,-0.9199673280301323,-0.35276418435158147,1.0886641930641654,0.5546128211414305,0.8577780335166304,0.6447812852292283,1.2128353035310349,1.0790433962770756,0.8594751587503887,-0.7521051027348363,0.7986480181100177,-0.6835277987997036,0.6785873595484967,-0.272693666966242,-0.8110674790594437,0.4537106161062394,1.2121501242762522,-0.127810983652669,0.8233928235006746
GSM1424166,-1.4907864461237457,2.3234363730652543,1.13629903474266,0.6673241411869784,0.23685255701197958,-1.6396525656876366,-0.9012330312492898,0.9779219300531918,1.1990563443125837,1.0464006854479433,-0.5073157735967954,-1.1690294854675956,0.35728510647233513,0.9579174926515531,-1.1288278594408006,1.1695136346582986,-1.068264348876455,-1.486225248717688,0.9259264342407095,0.8239908111076255,1.419098375945247,0.5766011452382398,0.9164352867394203,1.117930548020116,0.4829241057882179,-0.9224677310667155,0.5679270247277792,-3.110781224328964,0.00838077478129428,-1.9125818982828373,-1.7216218427508356,-0.5725132026884784,0.6760882600372596,-0.7311145334221063,0.8764965797429087
GSM1424167,1.988869006822423,0.06492278867455063,-0.6420505488790904,-0.7128383491195897,-0.7622163811415479,1.016822114718996,-0.4726882835436247,-0.8020020346117319,-0.5978787561774906,-0.6400090393643943,0.49848133526982147,-0.2754505415254056,-0.4170315858559254,-1.2417221563213503,0.9095789643966875,-1.337877511715959,-1.2071127810473816,-0.5041333511596059,-0.3345667420589917,-0.5333398433133179,0.7086810111965978,-0.9529468131033287,-0.7608820367422269,-0.507246153623837,-1.213581697020292,-1.3638897696066372,-0.5197299804600599,1.2184284819581086,-1.353161385768396,-1.8905999763445283,0.6482683772738307,-2.426266454285941,-0.6824771489685298,3.1107899323478474,-1.8236896673824263
GSM1424168,-1.833182503003992,2.4999523722489805,1.5721638825826598,1.325296827782851,1.2745482010353648,-1.74192414702974,-0.057946028220123985,0.46882014508992154,1.655476974312372,1.2363795184849788,-1.6309966088800796,-1.808150530122026,0.40509388994407686,1.5114094722801248,-1.9050974425624043,1.408018219050802,-0.726237374032668,-1.9579154518660387,1.3822886112398742,1.242034714701932,1.2522156092947778,0.9475566469091117,1.230211064873853,1.2973424730045024,1.1406581121699562,-0.31302666132267326,0.6766588821836056,-3.0903601486577794,-0.052870127125037254,-1.8137167528285756,-1.1402047756503646,2.621915654830205,1.9227723221703366,-1.93893906969353,1.860149134461472
GSM1424169,-0.6846636835073393,-0.18296249525246447,1.2686624871582572,0.5074095734002895,0.2501397390588199,0.14767679398687475,-0.09990132860432205,0.38230009022034833,-0.28877942318916405,0.20018301648204312,0.3717121404287045,0.9922874068915142,-1.0331751075949727,0.01023895504589443,-0.10131421854804602,0.3077974731810332,-1.3757130387708452,0.7556782477790724,0.4292452101748013,-0.23686326848956413,0.4160623189901156,0.1162783079988639,-0.31191956085036737,0.06379972553209565,-0.5236179702543203,-1.3190854137161292,-0.2789891676076986,0.06209290495709428,-0.7167226329340758,0.181511557684034,-0.5371340444807882,-2.208207655801276,-1.374098176394088,1.6280822386657297,-1.066142514524158
GSM1424170,0.1627450255633097,-0.0033188705067594615,0.48524821963857395,-0.19172391931041716,0.3187338765802976,0.80994494979336,0.3978571739832879,-0.40838436510101983,-0.06811370018826096,0.29498336915481554,-0.04970109455853951,0.15697660398393762,-0.5420752435753522,0.17387178462714187,-0.1100396143895339,0.11532406660006823,0.030840191549246568,0.12836357484730607,0.18400152843209897,-0.7817863514575502,-0.563029327885159,-0.339706022615697,-0.5496881150338148,-0.35726353947870276,-0.3835413122652421,-0.9161000338283876,-0.10024187237146252,0.6806682463075868,-0.2383417575208166,0.6320802416327617,0.038711891002370886,-0.08220432826410443,0.0077565375471173965,-0.045033641279195104,-0.06725262866742719
GSM1424171,-1.3040108961172443,1.435655230336307,1.0063702195270576,1.0528388853564246,1.6942999135272407,-1.715963262904767,-1.812819544427252,0.7847740091848509,1.4704412669620843,1.338726146649817,-0.9840108807101673,-0.9918496261615872,0.9158731283169175,0.1088891587177239,-1.160678293789968,0.7444049452588031,-1.1592741093639938,-1.5595060108172456,1.1326501223654146,0.7353377039171805,0.6401916134591521,0.8500892254963966,1.181373412291558,1.2645488165396261,1.9705013029685927,-0.8200049054928623,1.1976912685497583,-1.739498854981365,0.2342641532136209,-1.109809830242736,-1.4835219922533533,0.9471641663507924,1.372205036731038,-0.04465961247278834,1.8960619989700842
GSM1424172,0.5305500393202717,0.1886548305366417,0.3432674251721322,-0.017535756223394847,-0.7772820623605086,1.053343089674149,0.2798591152765535,-0.4369144627958101,0.08312094575447034,-0.08091541004798734,0.7450928172021022,1.462583586690673,-0.7302180327934451,0.4421514489576584,0.2756817585358054,0.2786643169977445,-0.6611607643642886,0.8551578186919734,-0.17487040951527483,-0.2889234378818977,0.3514499743097006,-0.334723386347721,0.2566521728849577,-0.045840503678888915,-0.5521072108709283,-1.3425391348627251,-0.7996026871700724,0.9275967500646856,1.2695746327527295,1.0752144449690266,0.08042836244333812,0.0014956617804769735,-0.3428787004219885,0.7500702584772897,-0.17418909971566982
GSM1424173,0.45619225827323495,0.0077050983140621,0.05249456487957729,0.06924136024396078,-0.38180907335711106,2.202875740577837,0.20021573128240291,-1.2329071877120248,-0.02787391980061308,-0.05801103933437168,1.4115815639187037,-0.4054860269773112,-0.5335182578445936,-0.7572289546277478,0.3373528315164717,-0.09194617533462071,-1.2518230816905258,-0.6238014912855234,0.12208509057972658,0.0666142705141631,-1.0758060561568967,-0.11356234417692151,-0.7711419952088764,-0.15773172330496907,-2.2310110398568193,-1.1983584917741212,-0.2871838453827951,1.9432502367615363,-0.9317696613098775,1.0152217168083322,0.48625097625471164,-1.2560276761571503,0.4061242854218038,0.9366970675719354,-0.6563888561381602
GSM1424174,-0.6051414035415903,0.8674367111504779,0.8381023752200619,0.2080752818909441,1.302901064301166,-0.32016438821745213,-0.3370988292538653,0.04661187486741301,0.8063300294886262,0.9489388564599676,-0.28484703572384396,-0.1808372854077538,0.6653197856369569,-0.018400325630742304,-0.3235471056384256,0.41182374897893376,-0.4633149844779003,0.08112807767953745,0.8693283700641024,0.938863677736532,-0.763842834211018,0.6071124386370552,0.4061872950710883,0.4860506738642063,-0.36435006547223153,-1.071314377797989,0.43333036387857043,0.19861068261418066,-1.0930402011739107,0.7259693469027473,-0.3636304584370658,-0.15111632013891815,0.029903681572254533,-0.09301794921701613,0.30392129850298244
GSM1424175,0.5151052786356914,0.5460830840997705,0.7754090594142484,0.7989899782768317,-0.09941225908112848,-0.10645025270448377,-0.10377072080133933,2.885363963981535,0.5033773828348945,0.48783133519740235,-0.5936658501101744,-0.5791217001317589,0.5774237592151731,0.6285475940770232,-0.37739038304782696,0.3533008163214514,-1.0537267675612607,0.02699101508390877,0.5208027288110482,0.060936479890622654,0.5743724694413163,0.2946388672780665,0.48766277394045326,0.3493422849116967,0.7267778755311362,-0.69928463292486,0.19404721415555906,0.4582473074177882,0.12215797028153114,-0.598660590928476,0.37293061662927784,0.21559504166078233,-0.2355863450061385,1.1887704148989913,-0.315965890139323
GSM1424176,-1.5773149042296035,2.001631939037721,1.178404808361514,1.5116760959969604,1.1572099274635932,-1.2978609893673447,-1.530448671473818,0.8657736265970044,1.696646970402343,1.5437536004655223,-1.1800837776562787,-2.044227510908216,0.37958730660728257,1.3220136897600425,-1.7558963412519069,1.7358120403734938,-0.9954977498747503,-1.5893774533168459,1.3159391296922311,0.7229484551882718,0.24560298549319848,0.9638897903804058,1.5620748624832097,1.5818241141284433,1.6371874381627376,-0.2900207830249251,1.3557253453381575,-2.1203429463382113,-0.3590257634870506,-1.9368755783129405,-0.788485268334775,1.8791781738557543,2.099675337864777,-0.8634032632360371,1.059849973081448
GSM1424177,-1.3379585450179838,0.957796327478127,1.5946903776083508,0.95935375363597,0.02626885707954267,-1.1858391997297266,-1.1113603705927178,1.018998442853435,1.0469332063009873,1.3807041629127554,-0.851280861373116,-1.3373431052237155,0.6594918528863373,0.863994883072043,-1.359892042241741,1.043516335098481,-0.44361617260228836,-1.0782240540804324,1.0976882744399181,0.21472648501730607,0.7180241553701815,0.7321593718802876,0.6799993748210065,1.142695750327046,1.0398910811237405,0.2167291022535877,0.9198200422461039,-2.1536222627240944,0.3896766600026877,-1.74394932500437,-2.0563716743167477,0.9182326513282503,1.4207112108397442,-0.21389904618377187,0.5572221896607682
GSM1424178,-0.9422672718568873,1.2388047417129942,1.1854397718756182,0.8167798123191902,1.1608883372051886,-1.5843266397937972,-1.9291769683125433,1.1392280091379934,0.5377847402788153,1.141240307947642,-0.5723061580476826,0.30124137899806414,0.6027413424470566,0.16947737670669746,-0.7643131476107299,0.473175155135961,-0.3548666803616542,-0.1986771143528233,0.7932318879101856,0.5924841278577332,1.1834056038163756,0.8132672345517101,0.967966067617708,0.4583361963458765,-0.6635171996485841,-0.2672210762825917,0.5629849951411068,-1.1345582833087797,0.01628154371921743,-0.9268073909008021,-1.850847663981003,-0.971003015409464,1.173855758642876,0.20992483942038134,0.4883448297137657
GSM1424179,-1.34764213814219,1.0801885132357762,1.7747988377015984,1.2407973103708567,1.3379579702903253,-1.1139113331320616,-1.0406469736784714,0.9308332539290419,1.2426366220793232,1.2368570207182532,-1.6711344732405047,-0.6305562830288886,1.0006344863533958,0.7330753623129084,-1.3415753029632331,0.884617643193905,-0.6185265534151129,-1.232458850419043,1.0121056752516868,0.6100020230460613,0.6134781712378504,0.8021746120182055,0.9455617430054699,1.0842808259589631,1.0490360083098427,-1.1173710006008424,1.0060757819687127,-0.41596085695684304,0.4823327046508712,-1.1123212875457056,-0.9470824451807011,0.9260067227606312,1.5801631795015454,-0.06018549416212073,1.696587841258111
GSM1424180,-0.7304325413685362,0.2203669453229778,1.6094147906406842,1.0674243257247606,1.269789788654544,-0.8700330254377623,-0.716733034312203,1.5935630851702827,1.26957418676891,0.7130912562336472,-1.110598438276733,-0.5938793263392518,0.6156770582365184,1.0096735289320018,-1.0147500720224465,0.751093123299028,-2.2217607036977283,-0.3408127312637088,0.950445535948806,0.05831304061239211,1.2498840445514603,0.3312297469960904,1.016589417057766,1.2373101877431794,0.3582756455395367,-0.900706323392694,0.31290926215169423,-0.3479647012357776,-0.619090138009865,-0.6452205245503788,-0.18482848475744953,-0.0702290644565741,1.2097158770660423,-0.293840453980417,1.1771682037717142
GSM1424181,-0.999807730968693,1.4650274712258327,1.082750156798199,1.6189274667812759,1.2910713270200538,-0.6582897718017483,0.35470017711531676,0.5850866526779366,1.3520737124172926,0.8096539425678678,-0.9793714673865925,-0.03670947372942882,1.278647671870357,0.9275929341124904,-1.2484356404264714,1.463879135430286,-1.6692440425244406,-0.4011112241782829,1.3146229337930686,1.1477517078314352,1.8785559332813826,0.8494794357042337,1.4745166470237783,1.2873661367441405,0.20961517277954259,-0.932492447470757,0.5683328088733142,-0.17233065886552348,0.1286214381838322,-0.37170139515583184,-0.7012440647288491,0.8371668014407341,1.078172614718955,0.38921439275476133,1.1006745960286421
GSM1424182,-0.48887382405526925,1.6079962101693208,1.8544091961242615,1.3392203242399818,1.0840704825035123,-1.0510987632909576,-0.7457626382850169,0.7060123369060154,1.0693759962594651,0.8255743429051586,-1.2244472629241916,0.11407965256585051,0.061592866101884663,0.6698301742258487,-0.9839325252402683,0.7021310172508202,-0.8182698452267687,0.052281960563531446,0.9503045359918232,1.0846171036363788,1.0222673230226318,0.6505204727386118,1.0348922610937645,1.1606938833276341,-0.41855496084764693,-0.5053448535880439,0.46432800410301484,-0.09888512444653698,-0.6199114262201415,0.1918189275468746,-0.41930497368552533,0.30791879367377245,1.4714700670335334,-1.1221289660057137,1.0754535442709803
GSM1424183,-1.3993089883539929,1.5685340941784502,1.3051432326160788,1.4004801246456502,1.5446250604635126,-0.29653781280770053,-0.9086050025882578,1.0572345722788137,1.5641725488220615,1.1145580455557933,-2.0626013978190922,-1.6039850827102509,1.5791178952169687,1.0340989004325751,-1.976957823404109,1.3520442966795612,-1.6798338871485994,-2.2054708073271776,1.322381296581228,1.4687641965205884,0.41482062357204647,1.0521763384611849,1.4636289002767076,1.3622092183692278,0.7200824742045334,-0.8913561020110027,0.6267213778363018,-2.186322009172824,-0.3805845945626881,-1.9190602407514372,-1.5547036454458887,0.29296588191343514,0.7847614718942661,-0.9154202996318963,1.5678209297428911
GSM1424184,-0.9608872594925493,1.6490433717434703,1.50672847336096,1.325693262699838,-0.04419039318413467,-0.2328288071251931,-1.6182974223090751,0.4875575665866856,1.1993351139248907,1.0124996492033398,-0.5353503516908006,0.5672012536659552,0.19984784646770462,-0.0959179957361819,-0.7586675802170199,1.1211792194848351,-0.7138366091725039,-0.3121936943709981,1.0155027983202822,1.6463909077377366,0.5910530070562194,0.8107170417057769,1.0974911996369183,0.930563048021181,-0.02294320441093013,-1.0074215397000659,0.28051582424959615,0.019733796420634653,0.050366093357252145,0.09648096767288436,-0.8693884975796581,0.6968686163556648,-0.05478124433807276,0.0912825088310009,1.0313601973291857
GSM1424185,1.0313791079800954,0.970580057954608,1.689669487997641,0.3819710449694991,0.5187582393257781,0.9495301239350024,0.6066070065721005,-0.44870255367342815,0.6619743024336067,0.4979209627942211,-0.3179382536372328,0.680081272924772,-0.24317792651914935,0.1822048466347768,-0.27541659966252596,0.3314092593398337,-0.51986442360226,0.212636680041527,0.8645694111938009,0.5441169887542905,0.2721420880212612,0.5367318618835681,0.057433364767462323,0.5112719092849808,-0.38265876588688996,-0.9614011812449728,0.07502401663605371,0.6445354876109549,0.16281525231896865,1.1352555345253295,0.2520125577920122,-0.1452279348756317,-0.815597590638376,0.13443781489519951,-0.02156360409655927
GSM1424186,-1.696560347654586,1.3394261484341807,1.5700040787690481,1.4642293461582656,0.37395655527325705,-0.02240696632206266,-1.6244018368356383,0.9768107332720718,1.6748593644468195,1.3871885675324562,-2.1210011872861876,-1.9758006976317883,0.4314862793517121,1.0721198286970228,-2.2521994592670884,1.5352254985410676,-1.1695944690180482,-1.7582678791502708,1.37344624818577,0.7116306492531715,0.8530417348286361,1.1326045675757028,1.4422356067904964,1.4707932678395175,1.2202523040080175,-0.9422208775997986,0.8908563673336573,-1.9538494009370184,0.22797646674885555,-1.8692316048706172,-1.285929202255071,0.7524059419183544,1.0118845738699438,-1.3639486650250985,1.2945316363052892
GSM1424187,-0.7999094002246853,1.2812854075777556,1.215828216606672,0.8938648264959492,0.08092181660039895,0.0980354461437354,-0.5131586018878164,0.48987623177941214,0.8696649820424383,1.008788867408628,-0.556048486742388,0.4939281209387838,0.8842380581218592,0.5940444456350819,-0.7683256996426229,0.9708762044596201,-0.7749547684218812,-0.11271659523679407,0.9680539992521188,0.9826014653937207,2.065331576551436,0.6236518898442001,0.8027428291551562,0.8694510470894576,0.20371760119318297,-0.3190977992110935,0.5945724082513908,0.2672710223248052,-0.6819109392680622,-0.15523148035766965,-0.7231936610698089,0.36887563252655997,0.559579014895157,0.052486186575291,0.4682722679089432
GSM1424188,-0.5730208318188397,1.6606766675733695,1.434119085768466,1.2273609461179942,1.1817888774618468,-0.9494756294136188,-0.11466719862116086,0.6092600888176932,1.1234975655828991,1.1976877775013264,-1.1783582235480428,-0.06181250886844163,0.8130139601673473,2.657565781298682,-1.2421676865750728,0.822845244394327,-0.6759042425163452,-0.3220769787009386,0.8741049118646004,-0.047023512627642046,1.1130484918592303,0.8657149769914664,1.3068116634619804,0.8901390118167553,0.3382963124102321,-0.4414100984917682,0.7175577109940957,-0.32181835894290994,0.19778866490751476,-0.39490152397317124,-0.6954306773520846,-0.9298447620091562,1.578894236046997,-0.3285214272230859,1.1731720454615444
GSM1424189,-1.1021560036644558,0.8878806528102965,0.9282867414372732,1.2162183455176616,0.9398757538382663,-1.2796367807248883,-0.16422173154966496,0.22108372888965033,1.2105195888166844,1.0805374985597131,-0.9830868010758882,-0.2726142687367991,1.026233460521946,0.16162150413228876,-1.1087522577450695,1.5466340879344778,-1.5833040425030287,-0.9208824290103269,1.0160719300082228,0.6997057511123292,0.3708598638453116,0.6718742636036931,1.0815587256364636,1.1033523696637573,0.5346318086065115,-0.804790195659254,0.5806493555201665,-0.8150219526772793,-0.27331902796746105,-0.657873977978333,-1.062378629765496,1.1080797838569019,1.3479656453218993,-0.26415111879013525,1.1428105980346124
GSM1424190,-1.76092789266586,2.025791633993142,1.6644387988618838,0.9645992019886866,1.0990802839998417,-1.305734301082098,-1.3299756262013935,-0.06535784471422122,1.4256912355722133,0.8473947348797041,-1.441402486470615,-1.0419717399934678,0.5205999302656937,0.3464568352767581,-1.4107941797950365,1.1467628695532641,-1.1240406733823163,-2.8232447118674227,1.3214041399581042,1.6505664658883554,1.6419935733363553,0.7317913489660746,0.8980208590721845,1.2712399129613945,0.9856618237910062,-0.8517891180465704,0.2988498947737662,-3.171661650926261,-0.23132026911167727,-2.5605446919558474,-1.5226521721117645,1.3568794208298776,0.331227273792276,-1.2945606692273564,1.3020777161236647
GSM1424191,-1.1139833785549509,0.3018126516225592,1.1685707756344201,0.6423195207988375,0.5413098628270072,0.8555480789184247,-0.506289393105109,0.8662205491277648,1.0403045751126527,0.7829574578558208,-0.6895203808226843,-0.49043043377794016,1.0211081602133882,0.41418200879492056,-1.0592673977443234,1.0990428866905926,-1.3023011581254949,-0.7902583544496121,0.8247294358782735,0.29578430141908296,-0.24515382340443737,0.5490232899585529,0.2866777116526103,1.0230893667886833,1.094719274878867,-1.4217538646955814,0.5162776878102405,0.1892119848693025,-0.8913440623182877,-0.6074366555665812,0.4585312127665141,-1.4720154783294706,0.36307226506323603,0.93816723178445,0.29768508400723487
GSM1424192,-0.9104869473643988,1.107559614734007,1.8114185980161102,1.3091962307161042,1.091705176607426,-0.6893542107468819,-1.0357383822413324,0.2429092110444822,1.3346787279669148,0.6574600288893678,-0.43579070438568857,-0.17237177332433365,0.8117361025097353,0.6153340636751138,-1.2081217775756408,1.5520180680540152,-1.5399168215930024,-0.5085553365096093,1.1644794324637902,1.5786246905796504,0.3300917437228919,0.8310554564551115,1.3053845401035813,1.1860653022599235,0.25364054701827965,-1.4302402136063397,0.35001578312119425,-0.28535219750749863,-0.5252929140468494,-0.4915274534290518,-0.8099758218068291,-0.171971795254039,-0.6547428525030754,-0.5934797966078001,0.1758476676314927
GSM1424193,-1.1707037689717426,1.6583327807723485,1.48060788620099,1.2329629664670783,1.8564008929118039,-1.2796434209903802,-0.17524812885248287,0.6534313642625884,1.6768902971433968,1.3499861143748948,-0.9556760334966695,-1.0423580320324697,0.6155227959214753,0.37516690839637995,-1.4196347214117089,1.5290944702557068,-1.0069959628968328,-1.488288841881023,1.4120029219835073,1.1595422186636324,1.8113000697818544,1.1105111043790268,1.4070361853233966,1.4250066816613423,1.4864747173358,-0.6374885322380136,0.824845486893749,-1.1595818075490143,-0.33832592807342265,-1.73674472778448,-1.165699429628534,0.8809766066894189,1.297891459587639,0.004503303977205233,2.188925792971588
GSM1424194,-0.24750849272954834,0.8308786018923728,0.44088228768547555,0.023851098251393005,-0.3456863886581235,-0.3068488681424525,-0.9924192013774084,-0.11896396211213289,0.5189400095741167,0.03378684526983108,0.34749449937444693,1.2698273237312747,-0.31704480381631955,3.7273818392441163,0.012446211704056227,0.8585137425463161,-2.0438522615482193,0.6808329591554599,0.4606798718255596,-0.30995040892396086,0.6863103721409798,0.06338159551242548,0.3570954560196717,0.6170083462285887,0.5973199052480935,-1.6868988820123005,-0.364730969514289,0.18084157368812576,-1.650825565338849,-0.03568961476841242,-0.557573231687389,-1.778657500056403,-0.13056265924488733,2.1204874760767254,-0.13793212303480068
GSM1424195,0.8075707018976276,0.2743977604676791,1.1977268587344514,0.8470185804706244,0.6643267455720485,1.7861232286990523,-0.9252475395674389,-1.6537504743244298,0.8962683805941957,-0.09050541781091888,0.2122380190716855,-0.10546125734898104,0.18462087802443816,2.8467984334066694,-0.08580468190239028,-0.16662521809051806,-1.5821494553743691,-0.6371511153510245,0.5631470097467938,1.2278881290865693,0.4537975053611872,0.21463252136557115,0.01928260839601051,0.7468461234485645,-0.04314032424547598,-1.3477935057018138,-0.397727484700441,1.2867433853525123,-1.4127165101465309,-0.45072461042745227,-0.10643709242840763,-0.897639351543055,-0.4508282232057534,-0.16833683280307618,-0.4799245390815357
GSM1424196,1.4192326432546352,0.6845045836161665,0.2786486521304629,0.36239543619780473,0.43143215198347945,1.4729210600592102,-0.1077557797110665,-1.0698545190848896,0.7537058877615755,0.44496991276427433,-0.7746605828026077,0.8377442610710216,0.7119718409826808,-0.5057038993699243,-0.2511837646263057,0.07584524208700552,-1.452227444291334,1.3934984205403609,0.5656487662627778,0.47751508025065337,-0.3836087371617532,0.14124114109201175,-0.057916683301402226,0.6771793407461796,-0.34691793586148867,-1.2497428196825622,0.4207909685616293,0.5649823599169199,-1.1850307030766498,1.9042575904475953,-0.296083265027299,0.33967970853452206,0.42360160573301747,0.5504308987383915,-0.3930902212773977
GSM1424197,-0.9528404405238051,2.017449641732037,0.9104747779966437,0.9295015461000848,0.9626239317238646,-1.1234293875301875,-0.9087748611528266,0.698735312467712,1.3163286903663989,1.1913672269888538,-1.5236174769055402,-0.9873573211340305,0.28440391509827834,-0.11242659557319472,-1.275938786698414,1.1902677591389348,-0.3446993337576396,-0.8843646085301159,1.2074297355893482,0.9857819029508044,0.9418297464782042,0.9472745855515031,1.1671673560622615,0.962409745557257,0.5882042583767316,-0.49604952026282717,0.9772362814395992,-1.32724302055656,0.2588173044085802,-0.2961689554482492,-1.6248530234319967,1.9201846968032,0.9204209184850632,-1.0074569438238936,0.8593256609167953
GSM1424198,1.745114097337547,-0.24530691316627462,-0.7936249412529713,-1.5597714463254304,-0.8818558832907849,1.7039742057456027,-0.6203952708447525,-1.5219042547196207,-0.8231603098267739,-1.1983102745444285,0.9230899672479584,0.951314582471284,-2.5618577173694854,-0.9063244900863442,0.783477218521338,-0.8257527885354176,-0.5046295399590262,1.2502692365207457,-1.5790562549834382,-1.8383100521262534,-0.6912086826365681,-1.455642384946906,-1.6751774543499498,-1.3802603605782517,-1.1529866142741205,-1.5899531936075992,-2.0867710621041584,1.3054076534697834,1.9809319320528231,1.1319664037458537,0.9164379342335556,-2.9570091313828177,-0.05522878448332008,0.1679809738319137,-2.0434883608955254
GSM1424199,-1.2475519971879605,1.4446359861673217,1.1107679923398937,1.2472459606395212,1.3538440674370138,-2.0153881576230974,-1.1030148254064853,1.3664683062902558,1.352507490656062,1.2805487454491955,-1.6890081486728217,-0.7313756181229131,-0.2313231976943086,0.6596541452883004,-1.4888715763942846,1.3233782420007003,-0.8947821868066687,-1.1932669217249572,1.245082444865737,0.629350230276288,1.5662789280296738,0.8801198057528878,1.2279752208983998,1.2998401794880585,0.7141799856397314,-0.7693037017738589,0.9090201969956773,-0.8485893484853311,0.3525871500238024,-0.9107147196035534,-1.4972732324767974,0.916320350145293,1.384954732115465,-1.1890049233940672,1.806990189922175
GSM1424200,-0.77759125591414,0.9759910311701598,1.5530341191830273,0.8770240225362305,0.5168897230004728,-0.2427240796822229,-0.062173462536646726,0.8621060477509558,0.7657055342483977,0.27428996789287385,-0.7016707792571908,1.2720088055300036,0.11338951211633175,0.28602081004758695,-0.6103953500297578,0.7587141627796496,-0.6026968796202823,0.5698524155159078,0.6204040930839183,0.4435799833918454,1.0285422855892126,0.44656571064165906,0.6266406559238882,0.7853881468247254,-0.8727740022111684,-0.6872930944971438,-0.11211710104254928,0.3499246123011678,-0.004811444768719946,0.11215478481391636,-0.30619603398179185,0.4676208162954326,-0.32362810150878435,0.08042589266564289,0.21585077335669614
GSM1424201,-0.966228356252932,0.8642295857265555,1.0244978583101418,1.0784509947119154,0.8051963767419745,-0.28101031813942606,-1.2673754229929395,0.6015080009104872,1.319028742267675,1.2779919724492834,-0.13674186667497626,-0.13080986798005295,0.6731063380035591,0.17904606364503464,-0.9949514194588505,0.7137949639269924,-1.0604438153008668,-0.19304063546545044,1.0107352162425878,1.4720062271522143,0.2719999709186208,0.928369311128684,0.8412113903081002,1.2118169772278877,0.9256514280204933,-0.6670456823808812,0.7629063066573305,-0.2699828239631886,-0.15343658535638915,-0.407284542700396,-0.6863383229533639,0.6553263107927028,0.5499634421416867,0.7194163123337177,1.5092650953536895
GSM1424202,0.002980733434683855,-0.00013167033857476443,0.28881109477264977,-0.32863659446948573,0.006305572170660253,-0.6616987819473472,0.431889187078973,1.2164393378904879,-0.043055584355112586,0.3619527696805394,0.3480042189761561,0.8262075829232611,-0.7183951921150001,0.2928306253433548,-0.18979522855825504,-0.472954064942719,-0.197136587920547,0.6521362025202339,-0.19607466617263347,-0.25274068601476696,-1.3028627518753209,-0.4009643768909729,-0.34573722239793586,-0.1846817334625981,-0.8726949407647744,-0.4223781427902749,-0.15882999622066557,-0.03201649282282608,0.3213926338894045,-0.3451013768455115,-0.6463976861571366,0.6886022915360476,-0.10654966523622963,-0.36789520867018505,-0.8683665795532287
GSM1424203,-0.5961870717791157,-0.03164751903480563,0.1400216164493437,0.02842289981712611,0.26259832641852904,-0.8151918389248299,-0.2112228258629911,-0.4205445828580198,-0.14355642327894727,0.7222346398805407,-0.11780553655830985,0.7520782561222,-0.5652230095447391,-0.13656584578460124,-0.1155197827961387,-0.7059503324092472,0.4007930987587453,1.0971606247437793,-0.12671253041284555,-0.8532766215934761,-0.15197516718829673,-0.1397362054703792,-0.3654572828344198,-0.20538512773449447,-1.06390642784749,-0.03626933835649259,0.4515741307998612,0.467185254958677,1.52344509165197,-0.35570058271633337,-0.374569533291827,0.40479023071902165,1.3947082675317468,-0.7498095842884566,-0.6225862869886604
GSM1424204,-1.294268446388133,1.1963499173007945,0.8819354338009647,1.6065871499880167,1.4560252202437,-1.465669181771181,-0.9625879965438645,0.34050365076181377,1.7148432289530213,1.4960271711338309,-0.9124965962122371,-0.8455529203772841,0.4956085267345033,0.2642437244789576,-1.5250907013811204,1.326734580386871,-0.6229642602204609,-0.6334860640786716,1.5633027743919798,0.5839148683089038,1.8616791755678341,1.255614211927409,1.777355143621572,1.3691235340910315,0.8655780588886083,-0.5215429061647625,0.9083765967320624,-0.9140267108299102,-0.21242510238224144,-1.4466195736576923,-0.6367173744161535,1.482297077042778,1.4409595235316612,-1.361778708152187,0.4861866519369159
GSM1424205,-1.1495865796708127,0.5415116744038748,0.64818667573761,1.1484466261711528,0.8531759765871723,-1.5214507320356938,-0.05353369944949974,0.9851904381549521,0.6346084352198182,0.9239113583193311,-0.6763542326918986,-0.10119299015570354,0.3748592302458038,0.08883390145762672,-0.8214421460993728,1.1712066094492342,-0.8779978466738808,-0.5808157410139921,0.981936227415406,-0.11582567740858783,1.1461547412743023,0.4830614058444011,1.1425084163964179,0.666450285509329,0.6406189176168511,-0.7997615212314901,0.8608300036138464,-0.4566654907239331,-0.3903756828569333,-0.6234833279501909,-0.7409686513610925,-0.34344976756539586,0.13115463633141455,0.14797544595305076,0.5536763678546301
GSM1424206,-0.8851413314053435,1.3323550811054548,0.7385744348960569,0.8259983869986106,0.6619363634371116,-0.9520722286157693,-1.495981244077072,1.0911184834551808,0.9966340628160296,0.7908425176673728,0.28039144637393637,-0.1621041424760029,0.26521224768607493,-0.30863378731827396,-0.6328226650669888,0.8634874565278681,-1.2842510595186782,-0.5730424594497295,0.9132074557225306,1.1657990374000309,1.1412327053828568,0.6917919144421063,0.8737110614599705,1.0733818499251206,0.21909976402743842,-0.4241476681930395,0.6129152929393779,-0.474659637023406,-0.6929159772811037,0.09679976376922197,-0.7306352112700856,-0.16145289505553767,0.49435588033729744,-0.3301743298195982,0.17271686181926618
GSM1424207,-1.367539874643391,1.437333893157909,0.817175261341195,1.4832004392244877,1.6780551701607527,-1.5097602892424178,0.35923921458002667,0.5019261074368542,1.7248388671924717,1.1181001062895972,-1.3519092336827765,-1.046230191096068,2.2276852418149167,1.420396333173758,-1.6509844143689618,2.19183805114377,-1.1935233271310968,-1.0763663626739715,1.359738292940675,1.6450986504459333,0.4193628831664359,1.0673279582456079,1.5231645031492018,1.520689047202383,1.9190364383022176,-0.9553304529689142,0.9189319736653018,-0.6595225489340654,-0.47795201730144693,-1.483801565617411,-0.33668792213487836,1.267219408849183,1.2717264045607788,-1.3416725709478685,1.059139883659241
GSM1424208,-1.0314103645682766,-0.010963777979568061,-0.0922092465114678,0.8874516505694877,0.29611655884515287,-0.8755158415754397,0.31807024423125163,-0.618466465772005,0.635827039102523,0.10938091060077565,-1.456658314683463,-1.222957355396729,0.28860128245997313,-0.10599274970832309,-1.4475333870006422,0.49458462372226575,-2.4482998547317063,-1.0501214057208337,0.34613637783328904,0.15626547817907166,-0.10769182978056878,0.14207035671173662,0.9329152505193123,0.6370335062799033,1.0309189859367325,-1.5285653399079648,-0.028507894386718257,-0.4526012999679064,-2.2348283109034632,-1.5530946904438832,-0.5614191600580679,-0.02291826556193135,-0.27927556504090484,0.36358894689811067,0.8272954245072525
GSM1424209,1.2218359984886502,0.08118668711643297,-0.03266573338736601,0.1440706085429822,-0.4192500115127261,1.023318158752286,0.7766543028790287,-0.789399707905496,-0.5857021768932738,-0.33633276063541556,0.19608989774760466,-1.490883508510679,-0.1884173787457272,-0.6597807934466642,-0.5653793446495541,-0.8716087466287222,-2.107134462505307,-1.3300216393895417,-0.30866094447324127,-0.5682260010976519,-0.2958050623354728,-0.5867192418173481,0.535132067067342,-0.557322074877959,-0.08779979104965488,-1.696639122631106,-0.804472096916492,0.07142221223047775,-1.5324519621417125,-0.6386419850523724,0.21384538721829527,-0.6280059791952539,-0.7267567910635137,0.24527626298475783,0.4920303567518969
GSM1424210,0.3102608378068204,0.2291054826685035,0.5886428734220182,0.430028059551392,-0.15122596989507253,0.9584127049255555,-0.42020586901405743,0.7737853431157758,-0.12053528965936877,-0.27696944505475873,0.610933255752685,-0.19992265276968593,-0.28112067194002993,1.6184871480366971,-0.09954217215358997,-0.17380620498751978,0.5943982312583073,-1.3456963191667888,0.10193412715710838,0.4496633570945755,0.32954191938767685,0.2567605073003276,0.2291312173616363,0.0838224967452872,1.0547491171309564,0.8204963581001081,0.12006505896056893,0.3240876371763884,-0.49461410642724596,-0.26724633942298154,0.021947694420592724,-0.45544882528160746,-1.0240184785153479,1.5653181406655479,0.5956141650337208
GSM1424211,1.1924402073034683,-0.9198636286006956,-0.38982990761508696,-0.8873472441459088,-1.7968848173909873,1.4948168247290214,-0.3687239879949346,-1.3911940403545566,-1.4651617758747337,-1.2229678842053824,1.256155399510002,0.7663186898344253,-1.0050796216498534,0.16051064538603968,1.0786429259521104,-0.7923416908230289,1.3938022930106537,0.666324010150304,-1.4696635079280975,-2.1304942947155148,-1.4986790128133374,-1.402001478192822,-1.8173136223743638,-1.7245142560596145,-0.46462847839334903,1.0369205109294364,-0.49608922896816154,1.252262764194986,0.635960329834378,1.0966395160102023,1.289344067586242,-0.15801731962122376,-1.5534026815514095,0.7783711161667843,-1.5439601624790198
GSM1424212,-1.4060833835785937,-0.5524999142207209,0.15855173875729,0.6464569628157648,0.2734424469919153,-1.2330047501237023,-0.4439874408616892,1.5350677019354435,-0.10069387397946206,1.3838411849458538,-1.451141366277213,-2.4701990755128564,1.790098714448763,1.9741804415557962,-1.198516308448728,0.1914492234643751,0.9110221971863505,-1.9258091582338948,0.743118896337409,-0.4639408110430646,0.3724914666806247,0.5589715044981162,0.6455060066018453,0.39345609698442985,1.514957522718399,2.1911944925985263,2.0415681819831732,-1.3760219636976978,0.612735775189599,-2.4175867389033447,-1.2456801051140225,2.2415696950409365,0.16487499186677457,-1.1843303005586736,2.0163073118159915
GSM1424213,1.5896328844287442,-0.510249629289826,-0.44833791226289504,-1.926371710090232,-0.697725593252405,0.1862383480671642,0.6378981023049928,-1.215221348640579,-1.509003887885072,-0.5886442917705605,0.3950880062387141,0.28175389836862685,-0.2814010635330776,4.162455100312696,0.5647735708429228,-1.1599432324396035,1.8020971183600325,-0.78905497307055,-1.0910832505161394,-0.6689350679776198,-1.0343071586359,-1.3114275468167702,-1.9015613496341324,-1.7349918567130391,-1.0820841252841116,1.18924715601742,-1.424090628400246,-0.1460746246711987,0.9071971236328782,0.8180859514358773,1.4686380334765017,0.28076874341089986,-1.7208495529827927,-1.159201069528499,0.055532134247608646
GSM1424214,0.05801025767341012,-0.9844521471396265,-0.5203506521493033,-0.8734603191755849,-1.588275144860134,-0.6781270541690774,-0.447658672564569,0.2679032147239388,-1.4762335395759485,0.021214638678089266,-0.08357462988958499,0.2919952567389687,-1.7472739577776848,0.8282087315271532,0.5882778627216562,-0.460465935957473,2.3840322036283257,0.6303352591368029,-1.373890801466869,-2.237392733919801,-0.17017044798134184,-0.8663580057654886,-1.1692228566752094,-1.3986054625259128,-0.5951065251987038,1.6797026615454758,0.02626389609571949,-0.4665074726142039,2.568576308991514,0.07113528831877279,-0.3430394071628454,2.0631769680111374,-1.2249073205303882,-1.1424302273048328,-2.1856507861149397
GSM1424215,1.6365099280794442,-0.22473670428914821,0.03143685821198034,0.12002086967536998,-0.5903257823494046,0.7700944691021321,0.47404997795345594,0.2803283275749785,-0.5167427654282607,-0.07967639179557649,0.13451520224465183,-0.9019596419109551,0.6404327680892675,0.428240024887425,0.7883985232696498,-0.6115568807278822,0.18776473735996158,0.14797038989010802,-0.5490646091961475,-0.15960759390959314,-0.761178490311518,0.12656204123904907,-0.3403473158740878,-0.24314913394682963,0.7859558278166514,0.8127717516447527,0.6285307759934413,-0.021559661452087975,-1.4400066872150739,-0.5296358162598189,1.300472500347417,-0.8941756686641944,-1.2890174742873641,1.1982562965857846,0.5756919256380407
GSM1424216,1.2487956867698469,-0.031169318055074408,0.484503830595743,-0.19272341804485033,-0.019606363211096465,1.140384481465635,-0.03958243007288301,0.7099435519093975,-0.7517683039678463,-0.1735502484533669,-0.6149426701661521,-1.0340917288480866,0.5603318944458391,1.6741007843549036,-0.038053814543632186,0.48590905704552384,1.2722901362122425,-0.21459233967460856,-0.2382892624820729,-0.16915067588514532,-0.6267377515087803,-0.10922598659102149,-0.667399981869287,-0.8723260181857121,-0.20128748705897193,0.8910602796589631,0.2513892813290099,-0.4481421804656031,0.824147705660684,-0.2600851006957058,-0.6335856110928317,0.5737090077674893,-2.377270088979179,-0.5846407242629664,0.8220157440882525
GSM1424217,0.6164715176678276,-1.5664611818569323,-0.6703837046157957,-0.9354281435658354,-1.6357525891978646,0.04828478931480668,0.6863974603607461,0.5786842189750565,-1.6565275076315074,-0.7558852579871007,0.01582809983880934,0.4658256118423999,-2.480049026047051,0.094810201692939,0.37758065607432056,-1.302596376348546,2.3245621009393744,0.31611375185708546,-1.446234043119071,-1.2605840408096118,-1.3342952558092966,-1.2639619929285493,-1.849315182110714,-1.6628270150755717,0.18141130123607704,1.0507053322768987,0.1058210930574181,-0.03454758686226149,0.7962414535432777,0.8370380319393257,1.7344043463748295,-0.2259213238121385,-1.6713697023502396,-1.0469157541586516,-1.4645794183953236
GSM1424218,0.19051721526174673,-0.4604680567498013,-0.5338498064994961,-0.7899061746975495,-1.250370462106779,0.12713870821532583,-0.284191527895268,-0.6444779495030575,-1.1563108173645567,-0.6847098458249974,1.0557087337543472,0.32997792671380005,0.23744439503236744,0.6890737367670001,0.41283533888246415,-0.6123031130750487,1.1973484534206753,-0.34332473269756875,-0.8009430287714827,-0.5476643437837406,-0.47059566077785936,-0.5804167374823407,-0.9047670435478138,-0.9894531010424513,-0.8167759748451533,1.1792273549617194,-0.19904531157289798,0.40932336124768737,0.6293545567470704,0.8956799623946973,0.06144863316646547,0.13644796015585353,-1.1206012865783659,0.26024763836740417,-1.3865473711712746
GSM1424219,-0.3185377646074616,-0.10713091260718981,0.053942044391025415,-0.3534071939135492,0.13924124792210654,1.1281395765037872,0.10123454879835012,-0.17709399450927418,-0.48697045281677215,-0.4611555216672894,1.515360020733508,-0.7467608967166467,-0.7859817095786075,0.9598672528397889,0.17774546287751852,-0.0298140307227837,0.7991317561525713,0.07036954746879058,-0.2901572239848257,0.8206853781880363,-1.283213303560259,-0.1112481874384981,-0.6023055327695753,-0.47460875066898567,-1.7339678144624764,1.1924250652573387,-0.38854794884753385,-0.41115519569157244,2.4165910113344884,-0.025026343945362385,-0.7321729036088531,0.8958581305153771,-0.8852240148841111,-0.5242569436207712,-0.11374866382220086
GSM1424220,1.4924365265490258,-1.2305793457527152,-0.8213259345391809,-0.7731765480577238,-1.8398639440568736,0.9265716358521817,1.119828120370171,-1.8585791061748456,-1.5411422338092027,-1.560207216284518,0.9722560555783005,0.2787740219475842,-1.2601451219032564,0.08061499226430507,1.053934954074051,-1.7021348011486896,0.0012779952291109996,0.5860647472680164,-1.3935222692245897,-0.8342987709928953,-0.7465333932394307,-0.9409766663461533,-1.5162688065777734,-1.177329345239064,-1.7811472729385511,-0.02759647928368349,-1.1186859499921777,-0.20071442537354012,-0.859501152239927,0.5031949544119785,-0.19160189424057802,-1.4822582788514522,-1.6614719434047622,0.948685108589262,-1.303822741888407
GSM1424221,-0.42021955632005886,-0.01955170246784748,-0.09265419552357433,-0.07423180079042761,-0.13587276210329802,-0.39964836615521976,0.12929480776783106,0.7004119199401915,-0.503254965631675,0.3830247323336217,-0.7465107785625591,-1.5857704603330947,0.5848173575574329,1.3149973232214658,-0.5204185578752938,-0.07704730221775205,0.7533225947766743,-0.2699616098952618,-0.2450557460979009,-0.6768823039887701,0.029468854479201865,0.09253290545112718,-0.342318279080061,-0.1901490398622414,0.2844340472798291,1.6257403290083912,1.0620994941491155,-0.944152661410592,1.2869006468125122,-0.7829375198081221,-1.1272436665744343,1.1521025092164885,0.4245112201776171,-0.5094250549336021,-0.011694727695238312
GSM1424222,0.9821951656866549,-0.11273154454743145,0.1414349510708092,-0.4726057380079495,-0.7272829185396567,0.04512708767859249,0.2282255573724085,-0.47754775582031195,-0.814725742069791,-0.22415293925543336,0.025646048621485815,-0.6053560685921717,0.6105479422523235,0.6847343468864844,0.5311634607792355,-0.46351035967709314,1.2034291038427172,0.14279990262964087,-0.2541706866344778,-0.7708578589838934,-0.7117822438937986,0.3829800815362487,-0.7544440783548848,-0.9588591337149432,0.024097758636083367,0.8302813147350715,-0.7901377165404767,-0.6738797754371746,-0.009327913912415367,-0.8050542421882132,-0.19981220834116892,0.8474180590699245,-1.2765829464446445,-1.30608576972858,0.33887820709795924
GSM1424223,-0.7849040489388508,0.21071957285941184,0.632775991004905,0.6955991667828283,0.09831895224679417,-0.8595809921587211,-0.6232031449031225,1.465242258618803,-0.052347576878248175,0.8720490999048714,-0.5650094481590728,-1.0714292506985876,1.2345066642083913,1.7617459510010312,-0.6663557687182016,0.281803708052148,0.630025598446066,-1.1608181121543946,0.1336776678902428,-0.5403471929524231,0.20700081444101937,0.6911248169455403,0.5375024892447692,0.23818400781534735,0.5401812786199727,1.7022531874344105,1.7241058383435055,-0.9589138497391073,-0.2612754172202939,-1.086473094379756,-0.9212260877063239,2.635807697112744,-0.046777732877213304,0.13421732958303909,1.2151614042781764
GSM1424224,-1.1463615179915492,0.22852237364413083,0.9070064587929246,1.5308658865542877,1.2106329742893276,-1.256738080570977,0.7011146203604518,1.166548416768166,0.5379267645761228,1.172731120575366,-0.5199895144286023,-2.188221477303072,0.8042129226115134,1.1396958873876863,-1.4980143221644153,1.032387329780397,1.0655306659987773,-1.5535374744933905,0.5712263241076795,0.7713468511141647,-0.4885969024772994,1.0370265095425244,0.7866340113038388,0.7461831621274589,2.0592588083756387,1.4009047863305049,2.186799547239974,-1.9353480125018128,0.15691696062804286,-1.4087566310126847,-0.5038587132927856,2.0159184041904306,0.3141037706925698,-1.1844507171914855,1.7859776400176672
GSM1424225,-1.1883035754557123,-0.02381879166451279,0.17170787141183252,0.24990622393002832,-0.26959192236578733,-1.0678018403461211,-1.3322372745853213,1.5677515502102413,-0.05914008603909644,1.3660903233295019,-1.1147928402776575,-1.812906714763669,0.9419950014634516,2.1959209505046244,-0.9555523020413628,0.268210477157145,1.2122838780475216,-1.5081403858691378,0.7217972799306525,0.016549450676205918,0.26517131449175313,0.4816245494714282,0.41579543306309386,0.3957476976476197,0.7298097900684334,1.4884198327931577,1.5952194806428501,-2.0676939920581376,1.731363856062239,-1.589794597112322,-1.3310662130408777,2.1495563686101953,-2.815672723341903,-1.4133666681380688,1.3771679643128565
GSM1424226,-0.6651115193577963,0.5293594347531696,0.8094840360857453,1.3568496094552578,0.9464345092827819,-1.1668424217367728,-0.0442893683040452,1.2980873077064208,0.6427323594595161,0.9900013446584283,-1.3499889871208808,-1.58127295855165,0.9373245842004893,0.8850434880200803,-1.0215423886047035,0.44990746315740626,0.9442750945417888,-0.8616356691967366,0.7181033502700311,-0.12003492949855925,0.5728715861984318,1.0507593159265327,1.1080833019030931,0.8081710442634972,0.7721278889104184,0.5936503014132939,0.857476740913927,-0.992690617160968,-0.38405529793361026,-1.205758005312462,-1.2555501826306095,-0.4149869276014802,-0.5341186529303025,-0.13943782392120696,1.420385656941256
GSM1424227,-0.04193190095991448,-0.08806987550751758,-0.1362977575753759,0.07283556939585813,0.013330669300410786,-1.7188594402385318,0.18286259189893683,1.081053654763278,-0.6171460579398849,-0.14748641364246137,-0.20573560193286666,-0.8675808052739757,0.4183374913893716,1.2040311032148687,0.03261701198863869,-0.24782911803459737,0.2759856731788141,1.0018830838120307,-0.4958480621859758,-1.4308999334424144,-0.3454914527785826,0.14221116353232055,-0.3665308842209538,-0.28922198908698027,0.495745620061429,1.0494758125043762,1.1188859918271357,-1.550505678183424,-0.11363724118116018,-1.0833047281197734,-1.3515098219202901,0.4747854785318919,-0.4677778419217715,0.9776192594680537,-0.20590134641356558
GSM1424228,-0.7875133584229861,0.8336825129707642,0.41105751268355567,1.2908812301231984,1.0823285591498415,-1.396001303994194,-1.1664098163382246,0.4067682656595955,0.5659894541756779,0.8871512571740219,-1.1293573116142455,-1.3426334006816174,1.0748569785633169,0.882533983857187,-0.925489837591621,0.9752657620672089,0.7286739842909049,-1.4378840917983258,0.5227350297430089,0.12250273550466348,1.5960517574828152,0.9327036539906012,1.2265340192313865,1.0246017754496262,1.1128877791240477,1.2145461808537044,1.4894478517896967,-0.2854965372684138,-0.29019174370071404,-1.5172900254723083,-0.9773246710406317,-0.31255789509187526,1.3189473122418647,-0.4616697843463535,1.551056301903725
GSM1424229,-0.586005439669592,0.07613862899114966,0.5166936338986147,0.6507303776206402,0.6074173069716051,-0.6926212213688852,-0.9734367040896488,0.6035915411595246,0.12301670699693751,0.24832586237059856,-0.9350241591884444,-1.2266170249680215,0.750043108049624,1.6839158707667665,-0.5228284861811991,0.855082258197178,0.4857734602216899,-0.8491174960351828,0.22405060601080096,-0.632980676092691,0.16394277973605598,0.7939146914046832,0.3923245983605126,0.30477737404648814,1.1416298325052876,0.25456704417034176,1.5760073752715313,-0.09210636707532936,-0.05356640828823097,-1.4183301028002162,-1.1220152465806759,0.900222495311965,-0.5467609073755378,-0.0046223108040740835,1.5147571193156737
GSM1424230,-1.1383693515845026,0.10722481324828922,0.7344563480756846,0.7044655214728113,0.6030636720616033,-1.4735698207323817,0.26390454855543366,1.1384556144410871,0.13689706962383927,1.0515228838098654,-1.2606838991971476,-2.179238022082156,1.1557053612339387,1.7506139492678021,-1.219364970627668,0.047678057495388206,0.9287575448533243,-2.3885678007285214,0.30117270300694776,0.16832189017195007,-0.059305775649117584,0.6600407599042034,-0.18104551829839177,0.29202779253150857,1.9418447462677557,1.3833440216949675,2.1858194565715237,-2.4007710978098897,0.18442131104454954,-1.961836728984155,-0.15759369164099618,0.745562649755826,0.4146030637218954,-1.3106950235347328,1.8445297951870645
GSM1424231,-0.40186806691058397,0.2895410064081077,1.549088938432582,1.028321360601065,0.334235470435533,-1.2381558083816124,0.7479960540529109,3.385863138209798,0.1457834494100842,0.7270454072842034,-1.0192031026544541,-2.234025088654092,0.8786943659513782,1.4771182284846778,-0.9625368136164,0.23886638652774678,0.49882136427202994,-0.8776829331054695,0.5941866822280818,1.2322991776487544,0.4674972422807109,0.5480246584376867,0.25662255629498437,0.5533350369773116,0.5823775217094049,1.432783551071051,1.581204405823977,-1.1147237260971565,0.29409492777521873,-1.5483381804223728,-1.0651023848523324,0.6850271738327899,-0.7265812632024,-0.5157864936212792,1.1596593223264453
GSM1424232,-0.6166139571853704,0.15778358939550083,-0.1617785719824768,-0.1304407131531923,-0.48906664496614005,-0.8157756714984619,0.7617319656367367,1.1180745399915102,-0.4703790376763937,1.0184946545918812,-0.5673397976299158,-1.814411463722771,-0.2931897751127683,0.5024000006279963,-0.6750118202638534,-0.24901740323186894,1.6453262892154676,-1.247221025902335,0.033811209396340074,-0.6433767356808964,0.14464074441744876,0.12409722791834747,-0.3282357991152657,-0.11762234799103206,0.8515791266215695,2.0870805878631815,1.370133454254277,-0.9122671554512263,0.5568271356199218,-1.1068111457759653,0.3431036062398181,1.509782426732631,-0.37573964024500367,-1.3079770481084136,0.5597226399999727
GSM1424233,-0.5034683001849554,-0.09881914607702544,0.9233697758090755,0.7405959561488403,-0.6119654589372354,-0.5788029845208877,-1.2680849290302796,0.28212871814773394,-0.19481337416568198,0.07926847333250095,-0.5628241246996293,0.42047962663875005,0.5602784447037796,0.6196242066387706,-0.3962618766930231,0.34677507986205014,0.6126129760348485,-0.42268123076582975,-0.09238585532459256,0.34377275618992864,1.9782166068329508,0.2829162181692815,0.4127159021233398,0.12086632700540219,0.02926860706003996,0.4845432219882037,0.2445739924737695,-0.1886688459385671,2.1182960719649926,-0.8630699898491264,-0.316820539723634,0.5532808653048557,-0.7268040829649476,0.5151444460911226,1.0711110136963882
GSM1424234,-0.902552516484069,-0.8312085165472101,-0.014897199405614842,0.6762979429052002,-0.4685846946317406,-1.0242715799141215,-0.04847263469506464,1.9843736961012979,-0.6084555743014557,0.378272692837698,-0.8028271317289042,-1.4281309730627605,0.6782919259871834,0.8328741348980149,-0.41507215901535155,-0.09008906991608616,0.40558003369332307,-0.7608157105294062,0.10018256444566313,0.19741859161617575,-0.008220931809526311,0.4722730961756052,0.03357991292188017,-0.045189643193522,1.2984238494705582,0.9750219388834253,1.5205496543651602,-1.3324806272420224,-0.6555709775384944,-1.0894981830567725,-1.180538450029847,0.5324460354808619,-1.1461612735897182,0.33910455922405386,1.0998967038414722
GSM1424235,-0.515095002079678,-0.6352725883937028,-0.335901275582186,0.09034062127045107,-0.7354764098698862,-0.9806917728857594,-0.3270229820924641,0.5122175447359029,-0.598889796049931,0.26465447033621287,0.1130111085488919,-0.5747350624332566,-0.10518489531413097,-0.001478513381958615,-0.11350023719271742,-0.48914020925391627,0.7147029828120736,0.04461803571014164,-0.5395811842851168,-0.7882779688474417,-0.7247662593850251,0.1258527688537739,-0.2607636801162849,-0.2461735596559082,0.7327782715847865,0.4772343720800256,0.7685174366041952,-0.14670476090096193,0.6022086137925834,-0.1146490430268599,-0.3679498163353583,0.17962547227146408,-0.6409370831211454,1.2570461542067224,0.14385264661150415
GSM1424236,-1.0798762562818724,0.18511585134527048,0.539909673054698,0.6744250804943309,0.514047680307429,-1.4259348546470958,-0.42659771727950296,1.4944803230731736,0.15606879229662235,0.6380575935803271,-0.9867638206525833,-2.2138807383332217,1.3758147604635589,1.4025328220403515,-1.2532983021591688,0.5229479190328388,0.3330630120165863,-1.3717987790310429,0.6048940978158088,1.5010341784864543,1.5763115512160673,0.8576677216872521,0.8043061471139258,0.4407786669145341,0.9439780551584618,1.6098698980523463,1.4293197327601945,-1.5745162973618314,-0.025879867411864554,-1.8651154664323342,-1.0157088929117994,0.011557629451260728,0.42445408977186605,-0.4147279404011586,1.4348213386443753
GSM1424237,-0.4614051662764153,-0.06708078751611156,0.21666674739052835,0.5560847229093417,-0.16735387384151257,-0.3622174449723357,-0.7395809298888228,0.7109977262632289,-0.3852449555749336,-0.06942350494142412,-0.5657090354743363,-1.0854529797736865,0.7262072879417603,0.5050720855722169,-0.4258607616835649,0.35211792459196806,-0.07252476761917734,-0.3431312504117446,-0.3059890121141875,0.28124603174057444,-0.38927618429204713,0.34204751640668096,0.22928889441811418,-0.22823416857638204,0.7582834022595912,0.00853337908456859,0.4848454926791228,-0.696753047834279,-0.9028272631755361,-1.0603111080204626,-0.24469793462681352,-0.14825806664082225,-1.6020920978030233,0.9403472151851551,0.25684027791140057
GSM1424238,-1.0637610375892523,0.29874716572753535,0.3801310195746923,0.8132963782008309,0.3150985958246242,-0.820314803751813,-1.2563921755606047,0.6391272513497458,0.14493209055527911,0.21554528538676002,-1.3566987815660971,-1.7133807939706378,1.3456400341276142,0.7635902579871082,-0.9018297350728612,0.5886764642245639,0.013289050579853643,-0.6385126815718757,0.05477023044832583,0.7825024610661006,0.49943559867408477,0.4918845089686149,0.22257990251900917,0.34254149774266535,0.667800242887124,0.8003120262875553,1.1529408164562396,-0.8817407488905348,0.1600794086922214,-1.323569283374391,-1.006442311163157,0.8262922052625723,0.7504339241208752,-0.33778466101329285,1.0811852431230653
GSM1424239,-0.9502728912021976,0.6342616354094358,1.276796885688593,1.2925035412779533,0.37834402789529975,-0.9389878408588523,-1.2370992498035274,1.8825031297505899,0.4527780587100084,0.998543389139522,-1.5177471872386399,-1.7024398947852724,1.287188425838088,0.6125587031094889,-1.4222715168583124,0.776421688024247,0.12451283880334196,-1.7547995784455972,0.7768148574176071,1.2820437667112505,0.12863076032000367,0.862546040024557,1.2033068956934803,0.6994196194794613,0.45128403670302125,0.5364404255347931,1.1631569312350154,-0.550196297676675,-0.08494106150640403,-1.1931280377346742,-0.6931057534449547,0.036045680850968896,-0.4127959195510081,-1.1981565874877507,1.4099245838323107
GSM1424240,-0.5509187753291611,-0.1410635767067911,0.012398925794322101,0.6502375036929434,-0.16505924923126722,-1.3471463168221887,0.06173346582079698,0.7077122717351128,-0.13713786935549765,-0.0792670269138224,-0.25958109216800884,-0.9321487400800742,1.2312534676132154,1.522774187680744,-0.5596875477252867,0.613312767539107,1.1826555418130527,0.17935942638632346,-0.04419642790243269,0.0661371702926969,1.1241596572156616,0.5180711749522752,0.43847133867687454,0.2552431707883998,0.7343806448529823,0.9552260561272662,1.0738927344662068,-1.1446589081535659,1.1872330072945056,-1.1610251040700494,-0.9980201623193601,0.8934739724978635,0.08116117105302943,-0.03571093641727301,0.5705735001670297
GSM1424241,-0.8178637476858227,0.36304312394924015,0.9867813012175548,1.1902200412614898,0.9663429304639898,-1.1192513835616638,-0.3464495079929962,1.5630364619693948,0.45330580939159965,0.7652996091320204,-1.1615916840657634,-1.4658796158875058,1.3084505212473831,1.045478071122406,-1.033065527147328,0.8806424912485984,-0.21194137448964895,-1.6550130505008618,0.7887632156458323,0.8530332893613901,0.2760146383582082,0.91584086197002,1.2180651344717521,0.683041862790728,0.8689703465303993,0.57963746251779,1.1277167861418516,-1.5907786823722503,-0.23046450907258853,-1.6644238738599666,-1.0258195112832897,0.3465498644493606,-1.5065043202902682,-0.6742061242517929,1.3532856229610875
GSM1424242,-0.9953839564361913,0.6652522578718425,1.8175667076269508,1.3312861401772205,0.7676723809986298,-0.9626241212720151,-0.47363847345018795,1.1297300722394579,0.6987112434567686,0.15566628902507185,-0.841757108213564,-1.357941305384131,2.1107405373340957,1.2996193688383688,-1.3342474943186866,0.9617853860864329,-0.11276128940440418,-1.4546948263484192,0.8860909598187972,1.641067829368969,1.7156376709545689,1.1072691896322917,1.1660781121106005,0.9262793521696561,0.6102019566869447,0.8110377259800067,1.2240106943171205,-1.6873018704996936,-0.2848207963223947,-0.7711961233898729,-0.36329246002009774,0.263380433512902,-0.3149427146180314,-0.8860995867869564,0.8171187025288872
GSM1424243,-0.4652179531960906,0.44279479821041373,0.33213644471453885,0.25590639805597937,0.016828231939671166,-0.8806316553472776,-0.09983468515644384,0.9612765651420083,-0.2574473516436074,-0.00825265684126514,-0.6940323642458317,-1.367520077633763,1.3136601298176371,1.5907318000509123,-0.40635361199320547,0.46707255964157385,0.30686555484189154,-0.7738443893167326,0.16654866144169778,0.5916412472523322,-0.05420199871829591,0.2237361636114953,0.3240324700266444,0.2599501217618167,0.42099715943200733,1.5702788152272982,0.9974988799199189,-1.1090335179294373,1.0639998282546597,-1.327962388081201,-1.2679862996339974,1.701577430042206,0.16581468083025291,-0.4815021580221978,0.2610805051513233
GSM1424244,0.9061770958691489,-0.20658356355614582,0.9557993036367138,0.5686012411260367,0.5247714003984432,0.07344322289456894,0.731872411886469,0.07238197599879469,0.12965883073943174,-0.07624437829220469,-0.475583174116225,-0.6678672436928516,0.28304744240928587,1.2688940745059807,-0.4364130800844852,0.5620249377495448,-0.0056269649195877566,-0.3079795717469817,0.20797072189507723,-0.037409275352497495,0.7500828188157906,0.5935015454398356,0.534799245423328,0.30671178466834037,0.757824202347105,0.6084175097416893,0.8663274918259644,0.4859324126314285,-1.1597960799157123,0.7321198463587621,0.06913942388607658,-1.0594260510916615,-0.9112960513246997,0.8175428925686364,0.7298153367599991
GSM1424245,-0.7976406182403593,-0.05404612157712969,0.437839181443041,0.37426555338518736,0.19807162310765844,-1.3083508210807242,-0.6801565101607502,0.6007926286408692,0.1862636858024197,0.5647442368211104,-0.43386194357654845,-0.8640908963296887,0.6305802090640101,0.9932090094826238,-0.4027845210136958,0.41257131080835624,0.3089923048957753,-0.880394953388864,0.461145819475768,-0.5067047097583309,-0.3990805758542002,0.7477927345548482,0.5531648682873684,0.3944291764874622,0.8326126533592957,0.7520528632005848,1.0471154156603037,-0.8909721451663607,0.002368054041296676,-1.187425006260611,-1.3546178708946175,0.23674079454391964,-0.8511045291167918,0.5340553882522173,0.5022634759138318
GSM1424246,-1.027854865092902,0.877167952280442,0.5016332006488148,0.8013755363612471,0.7468277204646032,-1.2425644338785655,-0.9960236643333306,1.8057228016822753,0.3797564867534512,0.8767532810229413,-1.0338677583002867,-1.966788948973038,1.9569915215135516,0.8404099986982239,-1.1084372120553454,0.6759860718601293,0.5963655419016802,-1.3225712640725669,0.5916144425593769,0.6216122244760237,0.9942660325024034,0.6888472834119618,0.9233237510024133,0.6644680589637324,1.1269933524118039,1.4596036031439708,1.5344233699530068,-2.2043287891494012,0.4100200791068628,-1.641360352088268,-0.3289263058573697,1.0561732934096684,0.16026867122617125,-1.0511460641937933,1.5056983545549507
GSM1424247,1.7916223062641732,-5.051034057535283,-4.731476463159096,-3.9024256909933204,-5.813161141928899,2.290826057017748,3.236739622038054,0.18892744914992068,-3.792278332576514,-4.339455698955203,2.724529858325502,0.3101755805404648,-5.190125985013527,-2.593952573678321,1.8967754892494242,-4.231779063247173,-4.836340940765477,-0.12253425246708344,-4.711127587616826,-3.0067615392479468,-0.4083482291113814,-7.371313447203981,-1.9218914701105607,-3.989555347060469,-2.6566300626468666,-4.961880517092863,-5.952580714078655,1.291794929558423,-3.115183813179239,0.017708175490017283,-0.1994653341344376,0.21935596698418416,-3.6217335559673884,4.524079157451675,-1.1527792056645285
GSM1424248,-0.9373095838370303,-0.043085889847985906,0.3152327454945173,1.0775612104379029,1.0616312178845713,-1.7340426626805348,0.3455879581867488,1.3308785358767614,0.420643335938332,0.22274226610248113,-0.34455872878720906,-0.9311988889527822,1.321803568988869,0.28917695480964023,-1.2124951767766063,1.2043052788314734,-0.0865404721748597,-0.5713501431051385,0.732906915562732,0.9032230247436136,2.3470118952846972,0.9687018466844948,1.4690850269929256,0.9333235658595683,1.3121911133132793,1.9725297601504197,1.6722369788554314,-1.2019027307964267,-0.9011561261603537,-1.5760717731694083,-0.03079918792319021,1.8176037174382838,1.4907613615782318,0.8780253165504451,0.9805549022589063
GSM1424249,-0.22318978439131698,-0.15327281197641998,0.6382517659157875,-0.06022565277311319,0.510563224003113,0.9064793672899643,2.102150192737056,-1.5799479018421752,-0.1029984284608783,-0.9772499937614235,1.7072683155440511,0.27943204647321446,-0.07610220928889938,-0.40189694990171787,0.7165518400666289,-0.2785660226201437,-0.14558071701915654,0.40248535546485414,-0.45521172315159447,0.32017603693850183,-0.865808337605407,0.2263398406634284,0.1879217659471793,-0.14297261983173942,-0.14872408198133436,-0.34772833792295327,-1.165869998259055,0.09415602778286769,-2.445574947523175,1.501373117496089,0.23808811220906023,-0.8111686639338325,-0.18604466831804678,-1.2021273873917717,-0.5816055600012029
GSM1424250,0.5948196301248103,-0.033197536812825994,0.10713577489138765,-0.8793878257572507,-0.37782383313852025,-0.4613647814005108,0.09488024092022464,-1.277322104437152,-0.8656638227519047,-1.256073984682247,0.8336290685996494,1.1427718879255415,-1.43915088212747,0.21379463871404158,1.0930412844646757,-0.751779900279771,1.0874590966035458,1.6458431162320204,-0.9618659599863268,0.25719702509762443,-0.07947201662628064,-0.4669573325261057,-0.8415142457823609,-0.6817112256291892,-1.2652405380260756,1.124666305689209,-0.522019445652764,0.5011913867883637,0.07169861749897224,0.4558655187217931,0.04555393606393855,-0.29763577715131545,0.14224073007675045,0.07053860581959541,-1.0061507332056674
GSM1424251,-0.06677078957768989,-0.6368432432279507,-0.7862018523178163,-0.39596250739181804,0.05897576673330339,0.0398013393592805,1.3863110700503638,-0.6813818276726981,-0.2432870554051941,-0.6622158674611348,0.7574830336006645,-0.7716868380315013,1.0589964868317299,-0.3064010772104056,0.06680250848728135,-0.4291371096129684,-0.6912801308280097,-0.9362106709109291,-0.20886098983733076,0.7941241031103409,0.5303394551282391,0.23750029223769126,-0.01984424403935184,-0.014494248148980196,-0.20185985515809907,0.11288554167699863,-0.030983637784919797,1.5348734781389888,-1.9229422619013101,0.8301921289671501,0.16573883844467968,-0.7741168335602469,0.4584805569529136,0.24313840083071406,0.34582583553504326
GSM1424252,0.9710608973863064,-0.4795986749263314,-0.9031275526919333,-1.2874177326364038,-1.4533642225131558,0.8632603693028963,-0.18713987292269685,-0.5579301239708438,-1.4640876177355693,-1.6080412593698017,1.409534171264622,1.2195677846299136,-0.7719575874552298,0.131271442725567,0.6434541772057024,-1.0169425799982579,0.4576354298157996,0.42879855414312734,-1.213057888124323,-1.4893758662913692,-0.4144924720855336,-0.8512153403098787,-0.9564610285222575,-1.2309344811105907,-2.12980779187672,0.243867969281404,-0.8757249102528191,0.1985113819121418,0.6743153417164833,0.3180274810055015,0.20603805251247015,-0.6137171244677132,-1.7661022007945109,1.1271274203251087,-1.3108395396578094
GSM1424253,1.8669125160676836,0.1616090528100628,0.41143173661893745,-0.30280761619722996,-0.5450479670934453,0.511204002420693,0.650971495006269,-0.07562243703938415,-0.35329039037027926,-0.7480819089201101,0.7056062927558878,0.9996763247944869,-0.3524841026215763,-0.922520295052994,1.5135943203032034,-0.3298440021548094,-0.4686022373743816,1.7216476455801164,-0.528558622015494,-1.1446695993719853,1.011697891176265,0.11170649633682689,0.4770701502554408,-0.17673630121975273,0.7128759314338017,-0.6787920678100894,-0.03082531544617009,0.7943306913890567,-1.575838075215451,0.7515069848653466,0.863183473745956,-0.9585946979651585,-0.25642899279976283,2.942420938868331,0.31015127409314774
GSM1424254,0.4490738041525305,-1.002683627190295,-0.47567107426771665,-0.33088354661890296,-0.6894310104239599,0.46741042992245774,-0.3332017929474461,-1.0823476145180733,-0.4982563267942001,-0.09280224140705391,1.0130991834188188,-1.010777936072684,-0.0019504463807090372,2.8820656565577716,0.5263018691745602,-0.66448018520081,0.7647680834982525,-0.7547523940317522,-0.36268176331441293,-0.2467306120616542,-0.13647159839026018,0.21135747112506373,-0.8624080200221902,-0.061994923583744484,-0.6549587980764286,1.8984349800332707,0.6436135287690088,0.5613619270691772,0.017243954867664002,-0.043801683003596444,-0.8785319167375002,0.8469203334368473,0.7173037670433617,-0.5538573179517104,-1.3306284861760125
GSM1424255,0.4026370359334772,-0.37041760941747187,-1.2735108221425004,-0.13835076003466112,-0.17296927796851108,-0.7160146213019412,0.04907708411828835,-0.0553295992419036,-0.8791562129678884,0.18775600734175568,0.1943444770624646,-0.5414417699417537,-0.14588994763115928,-0.401853199292544,0.6361380115540373,-1.147782699968427,0.9475802139488475,0.3282775125342679,-0.40569011534827537,-1.2092188754316178,-0.4672159472250686,-0.1883151406032046,-0.7418163569468795,-0.7425596319804669,0.1379096985075304,1.6124190523169772,0.6429688198055428,-0.3350616962446791,0.09846661480687888,0.4193637798203355,0.14693815447253764,0.6066235715468856,-0.37653186344490946,0.8458314136969736,-0.38165888534580694
GSM1424256,0.1469131593828764,-0.6706340114473177,-1.363803508330162,-2.1180841982253944,-1.4388893423616544,0.3980148030306375,1.7119422333003846,-1.0461579977915452,-2.3861354884574757,-2.0479105844724796,0.30951159099162634,1.571905388562432,-1.7614546437347438,-0.3890291042753594,1.1100798628335151,-1.5944796733176532,0.07273724735391558,1.1571065354118208,-1.7765596732480924,-1.3957881561020895,-1.5040801662636838,-1.1663177235217783,-1.2383129383271358,-2.365694464448305,-2.1587323301080676,0.6672289699546364,-1.6835036652313897,0.5684088658211135,0.1813011127488971,1.048401108433825,0.23060511925464813,-0.5426401877690045,-0.45567938844243255,-1.339638267098043,-0.9513939560656974
GSM1424257,1.5889658429064841,-0.49677498812060095,-1.5913358213408966,-1.2419275573418795,-1.3957359725606533,0.9059675815969191,-0.6087798895566326,0.8846424958969332,-1.3755046551741559,-1.3469729970190103,0.6106375275650563,0.6274326705777147,-1.6031337822718623,-1.0219767520991607,1.2626861115105272,-0.48325217406633697,0.41937841468651804,0.8239193846236426,-1.439126417005889,-0.6579840055665401,-0.3981875598226091,-0.9294708015379302,-1.333796720117465,-1.2434653077115352,-1.1851053268717016,0.12444685058742233,-0.9555252450918833,0.9248072025758916,0.36434689708316903,0.8778485321618964,0.10662943658912845,-1.2202986368463855,-1.4476890706749146,1.113145820514528,-1.7472286470147622
GSM1424258,0.47227115963793315,0.20283395818766128,0.05962947703152081,-0.8311551546670752,-0.10467866894041863,-0.7264102123243014,-0.24334387137333696,-0.44595659055154047,-0.5008664720526925,-0.7004003637168011,0.3668170158795508,-0.347706785000131,-0.7097159230650142,0.9077653339167129,0.4962322990747513,-0.5274596648087745,1.0696257117585881,0.20631386196457496,-0.763620525241608,-0.5113517808536759,0.6805179745283645,0.0973895543127047,-0.5991681556239825,-0.7699678291223795,-0.4166087622195517,1.0040149845354347,0.35598663073477704,-1.380674315291309,1.0194388293865442,0.22841937372440305,-0.164581626413523,-0.4229871943156959,0.38882744576421807,-1.364944928350442,-0.4421400028982535
GSM1424259,0.6315088196820392,-0.23553452687321966,-0.5865892019481578,0.01442516324177727,0.26403397809243084,0.8134680448080062,-0.24713557814110024,-0.8642272029769342,-0.3738121881767652,-0.12086358216277227,0.6950210967731776,-0.46186214540475307,0.7376495210320314,-0.5217221186352666,0.019020778636364154,-0.506436682757377,-0.11877298544767245,-0.5513109997385387,-0.07871870257301568,-0.3522530114291123,-0.19882315545867263,0.26798866703190977,-0.45198413183315916,-0.08703621291966568,0.509162899105985,1.0351175338504621,1.1736718406236866,1.3200526751373258,-1.3495554395817273,0.98905153124691,0.3231063592053989,-0.40543168243341293,1.2720763422711518,0.022557934955581765,-0.5496699321009104
GSM1424260,0.571789404975775,0.058974746515577506,0.670980439509125,-0.3766077794289915,0.27413144397196304,0.5767337178221077,-0.5664504931083757,-0.4113717478501284,-0.11123773944989035,-0.608811866275366,-0.31530014250932215,0.16180606285540053,-0.8843949493818651,2.1142232834415386,0.38865245742231846,-0.17361908035999402,1.6988874238132006,0.6277241633970951,-0.30733465311176517,-0.07638023794953956,-0.6455978870641776,0.08069393961106167,-0.6012069032788384,-0.32186761591078017,-0.3333248829965775,0.510025207012737,-0.3520155126609792,-0.09345422250138087,-0.0021933653715938382,0.41398955302798857,0.5364792559207177,-1.584652455642435,-0.2741602136030716,-0.7797461421983476,-0.08360670813672959
GSM1424261,-0.8491648112526539,-0.1314971844438678,-1.1479352520906132,-0.5787201012674381,-0.4680777131482282,-0.6256480144074672,-1.6369474071647654,-0.7608958997713385,-0.5414610262823968,-0.45886210493873036,-0.340113837632349,-1.6416303678743367,0.3470021937448638,-1.0950578576042105,0.28568294559546953,-1.2383001972100833,0.3676460252662412,-0.07537366431943461,-0.39826532346073473,0.015920536163880648,-0.24686063573614778,0.058965320541869676,-0.8074025040104091,-0.4528362534337609,0.469514227262772,0.7011926616164951,0.5353035316065596,-0.7501151731868828,-1.1829009662912284,0.14140661965009244,0.47550428356371194,-0.19446595926007063,0.8372538054680354,-1.5633959626921448,-1.316310539506627
GSM1424262,-0.19021859459291113,-0.16805876501885386,-1.1549453552836306,0.6743371992115339,0.38658039421271223,-2.010701662554792,-0.8286288712262644,0.8086801064122553,-0.04930576825278057,0.3923931855495854,-0.8029043275705883,-0.5898316324776615,0.39552011447713437,0.6503805001465031,-0.8951589850339214,-0.017496679776416328,0.3116960670675447,-1.3520570493132604,0.3871778814218644,0.4393836033232405,1.0637169720427133,0.6914538885294167,0.7796415761246366,0.48655146832190016,1.2014182127024964,1.3928914031601154,1.1187851001406777,-1.2631154231015633,0.1440671197618857,-0.9664205157765318,-0.3785482972419414,1.0268875748381499,0.6077549283021242,0.04379672575301995,0.5850049244872327
GSM1424263,1.0988010305164078,-1.1668646396845404,-1.220588779436874,-0.45066065163458885,-0.30882964760274806,0.9296711074679286,2.7395787177474573,-0.8473293101734735,-0.4528613414788906,-0.39888284933123347,2.247970411551561,-1.6762586486979358,1.358357135929582,-1.0380507588875074,1.081863583247605,-0.8349781565560087,-0.3755466614486974,-1.334967857149109,-0.47963096391163695,0.028133604754126355,-0.33510642139064195,0.2189562623021737,-0.584850515763448,-0.0729945441090065,-0.24178128899137152,0.9897782242155071,0.4804640217372112,0.8279122684996576,-0.6974692827472843,-0.9094149376118161,-0.49697464611743747,0.3116906634888562,0.90846545872188,1.1129133426887323,0.4444569934781761
GSM1424264,1.6153518194246277,-1.3182970990888259,-1.5217832385351093,-3.187602335584196,-2.11091361865629,0.9867540220714358,-2.2485384788749863,-2.1816522573442807,-1.7964292277979799,-2.2829114429130004,0.5249529813779624,2.141958686960924,-2.3899978696856587,-0.19806775347423372,2.6196302742216995,-2.1037638367963227,0.6036212312273104,2.401184233306037,-2.612219137870053,-1.0234070698506588,-1.4263006016686386,-2.268959146147933,-1.5424320395899747,-2.529392925548608,-2.6025695003770783,-1.1207163457204996,-2.303483632866631,0.9481060403862499,1.9576131710022286,0.35447954941840065,0.9440116342029007,-0.2144071713382406,-1.376818299235424,-0.24965836266068056,-1.3800277936782654
GSM1424265,0.8209807589209811,-0.15175770852821807,-0.10562976107046723,-1.1134574099121886,-0.3593880966473947,0.03595790261361683,-0.25660035735444797,-0.05456909038860735,-0.6374789927768476,-0.6958519251164921,0.226453690079487,0.7262766617772313,-1.0902215781895634,-0.004395678685860779,1.1466581227845878,-0.9738646657252894,1.5670686982364899,0.9366288951205092,-0.7239878434189242,-0.7873427651454264,-1.3797558434538963,-0.5583170062554952,-1.0144798239962924,-0.5199120866432241,-0.12456221447395593,1.0438231619122111,0.010695311045361276,0.6612797210661264,0.16364008726975474,0.4713980316471511,0.8712632465313065,-0.6428401680946878,0.46021738836845627,-1.3440656672138274,-1.451672189719427
GSM1424266,2.115021693237364,-1.2731468719091215,-0.6293433733292377,-0.5703086593018463,-0.43470278681028063,2.099605820858513,0.45141548237151086,-1.2742036441603806,-0.6895527104293514,-1.2791217142203715,1.7183564197306747,0.4797596622679063,-0.22632787262253223,-0.6217311194930231,1.4099027674167304,-0.9205312764074107,0.09470085876418012,0.6799398030900876,-0.9158049925353275,-1.0712673365294332,-1.1230909489853897,-0.3760574635812621,-0.8198300005847918,-0.47779256279054577,-0.028860907707567218,0.7457864767530631,-0.8492790927024213,1.3255051175019443,-1.4060314145188442,1.0683143299841302,0.21344002086179167,-1.1465213209420917,0.17472997567870918,1.454684253402831,-0.8805195681692684
GSM1424267,0.9727265393051268,-0.5810478334054243,-2.2028302126505674,-2.1990958929406124,-1.6101998080333857,0.8506509750603028,-1.5434907394052337,-1.581474547736396,-1.5626952365447706,-2.054979564306416,1.105074339278454,2.1202535782223824,-1.466011421624325,-0.7706326352903331,1.9940578313855737,-1.8259183616748127,0.4429101518671199,0.7206124595614627,-1.7958403236904081,-0.2074660779810266,-1.644943542780746,-1.1924612296405601,-1.8835515429848424,-1.7669893643411216,-0.8585613282431225,-0.02317880996219825,-1.8191198310287588,1.779356386266455,-0.22843724197613474,0.9668571249008849,1.6920036558278426,-1.7032870143970573,-0.8891963110021819,-0.7026770397166052,-2.0770701768567745
GSM1424268,1.404114343341292,-1.2927408825204116,-1.9102430055368105,-2.46366463423305,-3.0494034003046346,1.4774167751920375,-1.4057690393558404,-1.2099127087702308,-1.628635791481307,-2.107463711246658,0.7491597893025993,0.06254471457697418,-2.353526370054284,-1.1853925160009977,1.489475346888541,-0.7896090004769247,1.3039659953266165,0.7150287307432317,-2.465187562799005,-1.9426737301160026,-2.0531172290140924,-2.487255385129956,-1.894780297651677,-2.50642326796214,-0.7180507516180211,-0.5807666412198123,-1.7960533306247837,-0.0679767702427934,1.807180101218039,-0.015362541964884187,0.8545837372662954,-0.474421927423752,-1.9080539299020867,-0.827902473897328,-1.922002099769951
GSM1424269,0.4157249511393156,-2.0947961269503295,-1.4922167064603984,-2.2164011547827793,-1.8883726232758968,0.4722021476593268,1.5449279578351984,-1.287360643568422,-2.286634377301136,-1.4915826286233846,1.8873290353137535,1.440480060154057,-1.5889873162629777,-0.40697246576681584,1.865598807503009,-2.7210131391957133,1.5586229595302592,1.6274420357312165,-2.0160585321611237,-1.0148303339934293,-2.2983754671206778,-1.9893973894275845,-1.7707743840280294,-2.2027937186360242,-2.6599685701187266,1.048871634270793,-1.4115340482356111,1.2834499341771606,1.5028389026324984,1.0698534175024121,1.3129946638452994,-0.08161183328260022,-0.617607529758977,0.5265995520899164,-1.8043968899349585
GSM1424270,-0.13583761408633188,-0.4237041288326997,-0.9978174715910287,-0.3483252201068595,-0.8033966887361745,0.3933060886124169,0.5647884388083436,-1.0867668526329235,-0.5347740967677057,-1.4699765989198132,0.8168321616355311,1.6955049830326987,-1.1831914235819443,-0.5827440502636767,0.9849626347385533,-0.26658587671869577,0.7143938608011096,1.5756306171380676,-0.7118198668209472,-0.6350485006082138,0.41704813326843077,-0.07852190649286302,-0.2053441575474819,-0.3617768770802993,-0.7085836030719063,0.5437997943009204,-1.3000104845544924,1.092731000245209,0.41175779528599693,1.228384295818902,0.02401328652208935,0.12507713077529858,0.6944517165441342,0.23914071607030624,-1.006211703133851
GSM1424271,0.09470791137096338,-0.762602967418439,-0.5725999441251088,-0.123194073042401,-0.28000333068701355,0.8492205903628012,0.9983999993637132,-0.5078325891184768,-0.45867986200958355,-1.5074386229403096,-0.37188160095403944,1.1718448388429556,-1.0843493745166115,-0.550348208173459,-0.08816842348285928,-0.2569105393854755,1.5174539118606676,0.06146210673515749,-0.7384054255358271,-0.6671000998717713,-0.6002507820366861,-0.2759744827222792,-0.37005932549471604,-0.47547108207017574,1.186738064949667,-0.46453817781077217,-0.7304447622025659,-0.026931185114854518,-0.5798312486424246,-0.19607823772999383,1.9824308523344036,-1.292452436905055,-0.6664811943641679,-1.093097744575982,0.7613373677940188
GSM1424272,0.6698232643163413,0.2578334409553364,-0.5763528379022492,0.07196363200740752,0.1609409190121445,0.03665181035751794,-0.019205275719009655,-0.40333454780648054,0.20715879946645965,-0.37908948948715965,-0.7102349767522779,-0.6174679696536151,-0.010612133039624286,0.2101972668599463,0.7147120759709306,0.13794663637857232,0.42280033436782566,0.30872750023010825,0.13599386139601388,0.28310643134753793,0.9158659367958296,0.5698191813669421,0.6020238990420033,0.5279043631111827,1.0586143944723956,0.4347753200354502,-0.07438252433569792,-0.10270965434789764,0.8375455490473279,-0.46846295887065975,-0.06887347555860004,0.45735388814406136,1.150464155622798,-0.7211700855377082,0.05077075077845197
GSM1424273,0.5495733068073536,-0.7216773277249988,-0.40301754692145597,-1.125937064070182,-1.9345968378342442,-0.4730442422162426,-0.0626395751121708,-0.0948315524979838,-1.0741977230577227,-1.2891800851591115,0.01594122580386574,0.8639372864671705,-0.8455383496458967,0.489689569253741,0.4255853577999351,-0.2129277915753061,0.8479538017112017,1.0284050603352102,-1.3380098458265532,-1.273783316956688,-1.3136699836261054,-1.1188642579774548,-0.9431194847256335,-1.3761805383540928,-0.719892147863687,0.5850013363949201,-0.6073932146437525,-0.15735997258642836,1.204291460228128,0.6335802648168323,-0.299551274784022,-0.39196055535142005,-1.4207136806561098,0.5692057833748134,-0.8961362794295298
GSM1424274,0.4445160327495277,-0.1408928477487483,-0.7639681002567609,-0.24363056196521563,0.10520506126643552,-0.03442891160027941,0.5480774572070175,0.3358399937881774,-0.45573904261087483,0.2600452218535351,-0.06073229519274528,-0.31200162128753506,0.6737540943676684,-0.2801363663429913,-0.10474800254043375,-0.6178440627473062,0.8348717019179192,-0.6351084391915627,-0.15228433645371414,-1.251364502066445,0.14017256863943575,-0.0020826965495896917,-0.2987229714905849,-0.12667956899317748,1.499138798205581,0.9445010391220844,0.7119393744981983,-0.7520253851650338,-0.9135117878488447,0.23406719260514652,1.064129152422036,-1.2909786616047139,0.7293997608966215,-0.4732405940183995,-0.012819833111356921
GSM1424275,-0.2900730288579721,-0.20740745714907896,-1.1938436401287815,0.10585556254747183,0.07252522787827727,1.059866486493369,0.07889458436501824,-1.3494810239665942,-0.34299883402319853,0.165447676222155,-0.5644250869898527,-0.1996350990545544,0.627080447143141,0.7170143817737754,0.038811726278200544,-0.8688419127610445,-0.2958534590667526,0.02361226530206598,-0.12822138138449643,0.22373338797138279,-0.41660706200482,0.191753548628106,-0.34875102327902724,0.417019752876677,-0.1973777606369147,1.1549578225279695,1.2599325694956256,0.3775575909630764,-1.0992191893755856,0.809384096525516,0.3780322027460372,-1.027945464461036,0.11602379929985385,0.9105393801982573,-0.8322550371751906
GSM1424276,0.13459587332393147,0.03573188153877005,-0.6517009196422362,-0.7457903558772294,-0.37704812098889773,-0.46224589355231765,0.3247311432943867,-1.1617898531693505,-0.5263464146398202,-0.40411860994568954,0.04950640348053646,0.34941730849891917,-0.44566020648034094,-0.6698006722828768,0.7378568048342179,-0.7972112217405234,0.7780683042856142,0.8437258263221565,-0.6283657276038765,-0.09523756300900717,0.39687897255871346,0.07408224230214243,-0.4628442433818394,-0.1623319989497374,-0.6849989300891616,0.6877225591003114,-0.02434996505230256,0.030856454158955427,-1.0076815440124003,0.35731704313009627,0.14302541434758229,-0.39024736929553844,0.731576865380359,-1.5824674998472037,-0.7752103109198492
GSM1424277,-0.45066355561164967,-0.2715656974499457,-0.6625197254964666,-0.046257539102077944,0.37566256320520014,-1.0656532036698456,1.7006011003723935,0.6463694698908731,-0.2113842963623186,-0.11102909109331359,-0.1102662557657018,0.3451928672634298,-0.138739946866875,0.7891701838800276,0.009382092735643608,-0.19077018706496823,1.033752078932353,-0.5525947808512373,0.17446918259327254,0.8002673670985114,0.28673413742236287,0.23608048042961385,0.006781852474950672,0.02856123031261931,-0.02024550834847656,1.242995807439124,0.7002564498163001,0.15053695132899783,-1.342175200858986,0.016412840523163618,0.7960383327555227,-0.012267782724800412,-0.1363787805129504,0.019126798165141092,-0.5901755141307993
GSM1424278,1.1436410750982895,-0.008086298709981324,-0.11474690331397334,-0.8117163122845928,0.14060273196415182,0.962698025800221,-0.36038723723784066,-0.929227956504174,-0.8396346692724995,-0.9446451895136025,1.338521943545881,0.488287708045694,0.1317463642087875,-0.6436405561507111,1.3918980774694842,-1.5605171426241013,1.379593000209258,1.2660354281899369,-0.663091173453525,0.2814652019828425,-1.6511509645460716,-0.3901493385506703,-0.9790322071625142,-0.7170969672641276,-0.9909478815916636,0.7051461035946623,-0.09187958689636262,1.3238522219422129,0.2700351468521954,0.3991291425980971,1.2714826414707825,-1.6261733696989282,-0.29611684840824837,-0.39004154768185456,-0.5278358649744119
GSM1424279,1.9757924705601997,-0.8713433355806164,-0.4680480880568831,-1.271090392351454,-0.378907391760095,0.06925679089676709,0.7123570802633825,-0.9736432435048035,-1.333873157991122,0.03877936635481164,1.805611844534395,-0.7453641247549939,0.6563276614678679,-0.3492062664994066,1.5822306194397426,-1.810157651685521,1.1616549463185832,0.22694443361568065,-0.6551809580863954,-1.7821283881372834,-1.0695726030410873,-1.1675731204213566,-1.6181665614889167,-0.9511905717267035,-0.510259343771159,2.2089730344730616,0.7319187001665395,-0.003505599938948558,0.41944663092259427,0.08900412914840614,0.5726741008673301,1.0579574942922585,1.997552781064061,0.6258981012113233,-0.2791016845099153
GSM1424280,-0.7098585144500181,-2.018915099960892,-2.524608002901782,-1.6880038790908765,-1.0665068707445955,0.7568822817739791,1.2118971008248831,-0.4808032180327765,-1.4844500624115198,-1.8940164275644908,1.729241601024636,1.7753762032045213,-1.1912040395884753,-1.6971197189112168,1.2501061145332173,-1.4297172394921744,-0.6233089382988467,1.1285631919268748,-1.5173292332427288,-1.2813391775352172,-2.3429024438979322,-0.8796408571266452,-1.5755499570575389,-1.2815523944897116,-0.8898719593130249,0.4261994025549221,-2.558481272540417,0.8443534832094857,0.7553241394253232,1.1654331843544437,-0.3894877428868754,-0.7764840773633432,-0.2746137910123318,0.3106492733466841,-0.763915106121013
GSM1424281,0.9748896596701704,-0.08713664316979311,-0.2810644807993756,-0.5324531475931347,0.4533604727385764,-0.9355336258289433,-0.4612435596017049,0.4449832893813671,-0.11830108335522886,-0.45506209565988476,-1.260380508186999,0.2633076162514891,0.5571482582231905,0.7140180696392069,1.2846905119534004,0.00042487398208633785,1.2253683232278374,0.13298845513487625,-0.30809097149677434,-0.017035669810018753,0.24947835003019783,0.12855612549405296,0.19002094604530834,-0.051280005569229625,0.33749131060168625,0.8555277726515979,0.1943018270763845,0.22160498879636215,-0.7299299479094866,-1.7407911035199033,1.6823888349011449,0.46443422804688095,-0.1745518418601429,-0.18163820151238644,0.41612416273070363
GSM1424282,0.4658768463543334,-0.8889942855941939,-0.9540404755709444,-0.9457800686214022,0.11677104625672649,-0.5595993367183796,1.3285356645196724,-0.581904351890593,-0.9762334187384604,-0.37548848453656447,-0.06040126125987579,0.4618368029765307,-0.6343107228232892,-0.6259585495859922,1.286129620117602,-1.5565250699955373,1.91937444433146,1.0136147122623267,-0.5632058280322102,-1.7136427425836782,0.2693565224545089,-0.7335594891554462,-0.6189168940965322,-0.9170051233454651,-0.4413062710262497,1.5622927395476918,-0.2979140088475744,-0.6810680218675211,0.8649909737925618,-0.854757805494184,0.23494381154301777,1.3909618116194173,1.5606985931194421,-1.0848116057491608,-0.8659656258295859
GSM1424283,0.6703975926723982,-0.3533237722364683,-1.0759570122416318,-1.6124490159221188,-0.843535093502461,0.4888408652181843,1.5228753198534122,-0.8811439798309905,-1.1172699561575732,-1.292264652246992,0.7505893314149652,1.0407750838839342,-0.7157075634420358,-0.021887897746211107,1.4284455177335187,-1.3559772040105573,0.7680919660015764,1.1424205108957532,-1.3273965704249024,-0.5646065632252552,-1.420620842413116,-0.7163147950109919,-1.1611434717872318,-1.1558779705056448,0.7775385417331179,0.0334835507260952,-1.1477843319365437,0.23162778703176715,0.366281924036967,0.7490385803220306,1.8097137771356449,-0.810426677145492,-0.5880614950837467,0.29912186281209624,-0.08009999118108159
GSM1424284,0.956752015925185,-0.1661259172107763,-0.785088211403821,-1.4630018293748461,-0.30015965463771427,-0.23921035765771356,-1.3958539665757483,-0.27688035411504136,-0.9648017989451413,-1.6709206785979687,-0.37584640208760145,-0.4517036463880687,-0.44978271089169836,-0.6432112395574228,1.4303875860681354,-1.051020745432572,0.294837941058695,0.9954075716068065,-0.9905046833492768,-0.23254044568771723,-0.3949198514318992,-0.4349093419880529,-0.16043748158154472,-0.9066148523480195,0.8550127836248458,-0.27830109066795766,-0.5275190958295917,0.169644440423276,-1.3606465451644674,-0.2898486213325422,-0.06146534282265438,-1.8025841487805216,-0.6340362667521107,2.312073287858784,-1.3062631158242373
GSM1424285,0.8472585513939177,-0.052217516434974943,-0.23205108939280128,-0.49669720494200853,-0.5016913983010565,-0.13982933496318967,-0.9969283236869017,-0.5908383591997766,-0.4335501028451141,-0.36316157241029645,-0.42165081017836387,0.13864747979611744,0.7418358623024606,-0.32931826188216906,1.1280490245304255,-0.29424339824439144,0.9266176137243144,1.3229479811025866,-0.3317820770374336,0.1471343248327215,-0.30770835465162083,0.3784685772787669,-0.33922209402263537,-0.5160120146975148,-0.035783932454253264,0.582749151092559,0.40850546551061023,0.0918387745205167,0.07027345004930395,-0.4593473916766033,0.3979951748638507,-0.9891084382510709,-0.5844210248840107,-0.57181807310614,-0.08422550034750992
GSM1424286,0.24214704186636887,-0.00931807461542527,-1.8163958007872123,-1.103233485060446,-0.7766287776031973,1.015500420951803,1.0532206959773136,-1.3735863294140063,-1.0828521391151662,-1.1401393626153804,0.6458311685505506,1.09907238448203,-1.302353459571886,-0.03600510907248481,0.8453691428110129,-1.0626919075715335,0.8178793728630351,0.4885658466712218,-1.076775456551899,-1.3371725679407054,-0.7553819417538254,-0.8664878435332766,-0.553040316740482,-0.9681098114437863,-1.2793603607605657,0.3635560186977937,-1.4078603712786983,0.2268442662856215,0.6432556639449669,0.807967663512303,0.6092087981817749,-0.7303891119991758,-0.022038590169234783,-1.3059879619329495,-0.64071432856669
GSM1424287,-0.13414899006464398,-0.10762860557279541,-0.8209149782110094,0.024646528089443513,-0.02985013236442774,0.5116537527103543,0.4355667150605948,-0.32222666183757925,-0.03988770313974606,-0.38208591063616826,0.628292103034946,-0.021455499783929896,0.7052285034202064,0.47554943832442015,0.4052183816463302,0.6575847986019698,-0.19867656904648723,-0.012760378098139796,0.13133808656344476,0.6272758074529958,0.33985103772920716,0.2564761984061871,0.10464476413729426,0.38484551038875914,0.40603841201255353,0.30326790592073377,0.5638714006721319,0.27428752654859767,-0.5296735741407873,0.07583648846829466,0.708104933419983,0.16164242874593615,-0.8222480841532491,0.9258633551416344,-0.06393045086510035
GSM1424288,-0.2919505545544514,-0.027235898232904125,0.8447829015849556,0.18442029565192575,0.0513232927176434,-0.8641939335169627,0.4638091275668146,0.851869781501686,-0.5198508072479016,-0.7184605472781509,-0.09917295788825886,0.7360137040536056,-0.3040265059041401,0.651787774766213,-0.06429733452325018,-0.30473347554111757,0.8751222960253445,1.3432714649905835,-0.47581656173407083,-0.16152179492083596,0.7291740159773317,0.05045405191856743,0.031589135800079646,-0.21308384390887958,-1.4262781321605893,1.2158057388660892,-0.025457506312146497,-0.07028159512529322,-0.26520956135113277,0.2463738197830442,-0.1937687688365168,-0.2109756005929285,0.5238228715744339,0.1577246714433562,-0.9346619156019399
GSM1424289,-0.5444456698677659,-0.5229220661491563,-1.9448825651737265,-0.7107332943389835,-0.517397664340367,1.572748768305476,2.38409896441662,-0.5106007687704768,-1.0601285794330721,-0.7078154380346507,0.9040504075596162,0.1610077837165063,0.022901491177631097,0.07512451616159241,0.07427979261396299,-1.4276692325078872,0.7360600771355758,-0.7897576536694049,-0.8597701289625516,-0.5107876255393793,-0.3804209520525282,-0.6984544907606461,-1.2460721720488526,-0.7214493520020142,-1.0983018343054762,1.388656694026879,-0.877086948020004,0.2817848558892978,1.3567881107537074,1.2815922537026163,-0.5128961212227622,0.4329285188330764,0.291891823346326,-1.2143951390447438,-1.1568536787962447
GSM1424290,0.3016759853883776,-0.4887888445246131,-0.12504668654632803,-0.778050430104482,-1.3188850980228766,0.6491666532288779,0.4832900019430546,-1.484576411100336,-0.8393410463745685,-1.2687832230587133,0.6974053698099031,2.6844547543259796,-1.3578330805040635,0.3578302623250582,1.7021157776087574,-0.6645162020837441,0.4589633879539468,2.0500877477049793,-1.183265337547758,-1.3306498214375462,-1.3602471051414489,-0.8374323896845177,-0.9195388392158623,-1.021534022198442,-1.544629899795471,-0.27857006945217416,-1.950823395051284,0.9967519193232879,-0.602745948836055,0.9945718177921659,0.46575629102898486,-0.5867013183448565,-0.6301333991701874,1.1160196003188119,-0.5878623360796277
GSM1424291,-0.20278111650562816,-0.15391657878165615,-0.32357918133243474,0.1729971917477841,0.9229036596821062,-0.36736313993888725,-1.5832919919899748,0.41897698950734086,0.28462007751570323,-0.04621484146827994,0.34318515503572067,-0.6875485055005982,0.971058215429678,1.2546469854291062,-0.2854094551334607,0.6773216395189562,-0.026708101004774176,-0.22985652325085018,0.2397896841445811,0.6028708274270944,-0.39157700389979344,0.4403910293504567,0.2596836498646423,0.34309633476773627,0.5226477940735909,0.5736646315961903,1.0179022832813398,-0.09795512789070607,-0.6860424563970826,0.7104558728026719,0.6498714793165332,0.2766623203841776,0.1286943394450012,-0.17380473092564483,-0.24161779314491758
GSM1424292,0.03079047925244145,-0.5505874662020408,-0.38343471685385194,-0.4781737468743033,0.12126966872705826,0.4471144584465357,0.8871900182857472,-0.36125084861359313,-0.40221475242855886,-0.2816828193075577,0.6393231617650309,0.297154478515475,-0.3508932687123013,-0.025228822876331956,0.1980416821662982,-0.2030540592308903,0.8773785583511969,0.5387762516416849,-0.0563286497380481,-0.11040840287519403,0.3448230960265817,-0.2769043897695059,-0.30085974588690206,-0.10475630082722695,0.5372766438181784,1.3198165578237262,0.0682654377782016,0.2287780666022936,-0.5571805379450377,0.6889623342546333,0.9310749921800159,0.24413628605948734,-0.6342887138287951,-0.3479846870571282,-0.3649531250235077
GSM1424293,0.594183390225784,-0.713698198974417,-0.9931112606032289,-0.7146544891544214,-0.685375158555862,1.0918926657370702,1.6798907287791291,-0.060391561572904366,-0.7394225349400977,-1.1915019471186898,1.0855250599884028,-0.7723462483581683,0.3837734449806738,-0.9450919268605913,0.6994117707561677,-1.287986121743243,-0.46563596072276997,-0.39352488833613414,-0.6583450442332475,0.7068784841429487,-0.6889941886154256,-0.21435697031831505,-0.4681997362624086,-0.596045924080447,-0.4675105439101553,-0.6333427089872772,-0.6140067201260766,0.27345792350787507,-1.5125467397163181,-0.2912983514445707,1.873125153782696,-0.5830299886101774,-0.629777088792245,1.2332021864206393,0.30228970643259195
GSM1424294,0.27292963479789356,-1.3956326749050931,-0.7307607995265465,-0.140722786668958,0.2345335993225156,-0.41581204933658145,1.2901925799719367,-1.188510414486489,0.24838522492631784,-0.571248717772851,-0.39335910181757205,-0.9414832648969741,1.3089807790283814,-0.15182379928200823,1.2280315136920905,-0.652013025776601,-0.05269170578979001,-0.5250771549437083,-0.1252974831118606,1.055079832118137,-0.6958967881486671,0.40016196106407986,-1.305708408756996,0.4024606069027423,0.2598501663193439,0.9938948284511053,-0.13552085685425763,0.617366354403926,-0.08160108974619425,-0.5132497802897854,-0.09780560704019402,-0.7390307831357912,0.12347423029642689,-0.36968966224730854,-0.38696852512606944
GSM1424295,1.543952031205358,-2.8986664626290466,-1.9687033189564112,-2.81044132357416,-2.8530750748132525,1.1778516687138978,-0.31598499462479784,-1.9327641732505352,-2.393565082253366,-2.5666997265874603,2.88973463569461,0.8242582227981927,-2.738058047506224,-1.544038535934722,2.1526221248387665,-1.830115597587875,0.59885681200825,1.3639897573266813,-3.145523291991916,-3.1867274569937205,-2.888862178891168,-3.600632152569978,-2.6144696910302545,-2.8886534237972747,-2.0991227574843894,-1.1926842273030014,-2.6816500651084936,2.014651042125405,1.2070479620627554,1.4698453787062422,1.731812152276209,-0.48457135153261177,-0.5305627044267461,0.8123593251484412,-3.1201032368035047
GSM1424296,1.1207450149814835,-1.6401206692019885,-1.1620112673607206,-2.550783767245024,-2.080918907540076,-0.20383434324973884,0.22045168923613018,-1.7550319323516583,-1.5754867680847888,-1.9231802955605266,0.5539928082633118,1.5183135753847168,-2.011262688056729,-0.49550791883547907,1.6689242588222184,-1.4252278196378605,1.1007696370938533,1.677744815420033,-2.371537847933517,-1.7872476639354267,-2.220489666473659,-1.7649947459115587,-1.6342022764192081,-2.3795567745933215,-0.3662061708242034,0.21563134112409496,-2.2215396268652943,0.10285985433650047,2.369383272916989,0.892704930541526,1.4106151650168632,1.0270121928002545,-1.2695685400712202,-1.0577847068851671,-1.1648607122958012
GSM1424297,0.20706629121338324,-0.17009791868267946,0.39962277969055965,-0.17729427347587862,-0.5823263460559502,0.9293525024217317,0.6167100279713559,0.29703489902662156,-0.3295157885895608,-0.6091028019509059,0.36384128646756814,0.12442869922509198,-0.2524179181889506,0.003172077439691449,0.1287960093288198,0.6185489938351983,0.14854250165107327,-0.22439522427091277,-0.25149076203442555,0.26487926455480415,0.17087682795488177,-0.2338045188940475,-0.44015313840894393,-0.2648476163615162,-0.7477236156326793,0.6252437028751531,0.11449095958873395,0.4847127448101146,-0.20044800857550832,1.218310533731974,0.09755446529720024,-0.5094451962641053,-0.786587419044877,0.10804489731554746,0.10289331165919403
GSM1424298,-0.4655806219901262,-1.4080118138568345,-0.3806868903435109,-0.13340848930757387,0.5052962553465966,-0.7937963927203491,-0.8994088332764639,2.9770889815809323,0.26740267671861345,-0.30627012852646657,-0.5216404269693276,-1.322578550011039,0.41805080090320873,-0.32451778674994447,0.34624602343183436,-0.11629210763826092,0.33617346429989703,-0.6361987380184371,-0.11267815521960407,0.8837366787475018,-1.305874649481278,0.31688670310347844,0.04789489354634302,0.38914577146202356,0.8932610566158257,0.7549542840963216,0.755319473575648,0.45565528747051787,-1.1039334857491419,0.13573791364934912,-0.17636677491964436,0.30567069558694016,-0.034165441149671225,-0.8464412288892535,-0.9441075240449314
GSM1424299,0.4164276429479756,-0.49814510090383063,-0.8373050327561659,-0.5430091415450843,0.13242610615020733,-0.19872644671752576,3.020886114764128,-0.34169034170371637,-0.9525012783371749,-0.6469568861289607,1.280541906467944,0.8294549766861119,0.32932120077041616,-1.2582305363060557,1.2023484411602383,-1.2258054812445696,0.31271959396879406,0.5722157951006872,-0.36085827043398183,-0.18875439460192395,-0.7500701391551389,-0.10665304974990332,-0.25765654526327036,-0.7347829848574731,-0.6925644669856709,1.205527882022485,-1.4842542258249862,0.018845901593753423,-0.3155615163421213,0.786671180975025,0.35988851261147103,0.8081223591631107,1.0760203300983815,-0.0698768213693845,-0.1562288831209936
GSM1424300,0.8797132044168926,-1.7484381350297273,-0.7256872646108503,-0.6271235612010015,-0.34864750596012045,-0.9700188230817,1.8540384374607954,-0.4220401256100835,-1.1426757962601304,-0.46850191786098755,1.7942348235579384,0.35366328739218855,-1.10276848874486,-0.37222573745719106,1.0782135905896197,-1.9328483173662365,1.780931876695839,0.22532035899622493,-0.5585610740793338,-1.10879263117903,-0.9611351430764575,-1.012831125622255,-0.7060767455640682,-0.9266732603266553,-1.7405882912788337,2.0998482051789624,-0.1582492038036205,0.022951846652609475,2.126711553841426,1.2447147439778914,-0.5856264282385509,2.529392414582468,2.17390797094993,-1.097104423721616,-0.30287207245907144
GSM1424301,1.6560598500726098,-0.6333356142059748,-2.308630158308054,-0.8319238873197569,0.3437530571933926,-0.49243049731977767,-0.11942206375020958,0.016736344109018215,-0.7951154704009354,0.2619196749861378,0.6135925389754106,-1.2475143271855413,0.4771029238584802,-0.9966062904921231,0.6193426946871952,-0.4311376782531229,0.9694279632396767,-0.2374683516914691,-0.1631554667886301,-1.3189806609349333,-0.6600157374820429,-0.16530390347484308,-0.6226497315546176,-0.6682088076538791,0.5034697395102984,1.2328353728058892,0.48368801003448214,-1.009851256613493,0.3931643503939453,-0.37844933850799517,-0.2380106411613371,1.340422636417074,1.670802636547489,-0.5171386003839925,0.09395806356332549
GSM1424302,0.20706629121338324,-0.3998341057287497,-2.7601747658050133,-0.29432303125802445,-0.21656816155812972,-0.2549133085718696,-0.28074462853174414,0.2770400219254979,-0.2622989331167921,0.27581753160579503,0.4858788303066275,-0.3756145082124536,0.12491000592524566,-1.5500844743884052,0.4327123676224032,-0.2643480861423707,0.5425675232136032,-0.6492718654389934,-0.24307787677292123,-0.17225862517804305,-0.8626381412465088,-0.38155094430801795,-0.055867455127911345,-0.6094668865918844,1.7344380734827065,1.253315990893442,1.3872783887530549,0.0008429117203075672,-0.8637507073820463,0.9890108131753204,-0.127167553855316,1.0543734220048975,0.6768900981391117,0.6359120958448761,-0.21299398867121727
GSM1424303,1.1095342330947584,-1.4492756103626399,-1.0706876388781896,-0.44426612716639885,-0.5721663964865664,0.6959216308995942,1.705245780623458,0.12485679065583485,-0.8869238583637417,0.07821921219634839,2.0581764881400897,-0.17929269466884457,-0.3980798214786202,-1.5220533051940555,0.5812461370982813,-1.3013442457874829,0.5941660379420292,0.4416806178064322,-0.4071291393722557,-0.5979559006330372,-0.9400286426843256,-0.48900289006363273,-0.9302868457144673,-0.6055507585210849,0.11597672026506317,1.266969736285144,0.6444494884568048,0.016635008100523214,-0.28133858160069564,0.4949741425214396,0.7886146500067017,0.029571019067361072,0.6187534817192741,1.5618914273432514,-0.828474901627809
GSM1424304,-0.3927105397264126,-1.3770639664774806,-0.5836282869713576,-1.03306706475782,-0.7855253374436284,0.7827558719472164,1.8853632073212876,-0.7182605271082112,-1.2475996682176236,-1.40944629600121,1.2408087526598781,1.356636787760568,0.20788580946239635,2.655140535532602,0.6146341313896889,-0.826960804457988,0.9788095113721179,1.129327120127695,-0.8403927303397288,-0.7629135948718472,-0.7782121396779814,-0.5606375205673758,-1.5455610740341668,-1.31045381126502,-1.1798036133675798,0.7208199206170667,-1.3900147384739694,0.38838095689079927,0.5916573718942132,0.9520449188310356,0.4589358375426719,-1.4852461250805993,-1.0012456950565851,-0.5417134234067732,-1.0439720615869914
GSM1424305,0.9329644183788371,-0.5811884913717634,-0.7003195900323694,-1.7718110982576154,-0.5467665225631065,0.8448168148136053,0.2870168251896759,-1.1366718442243167,-1.195137732238877,-1.9826652849831843,1.501912334827168,1.7492804148477867,-1.3238354105774146,-0.3507901374850411,1.4120935335036973,-1.1502667167016563,0.5003505566176176,1.0731126722193027,-1.1642888129076454,-1.555774770406774,-0.5692577857958758,-0.6009320002257315,-1.0606415551042343,-1.2869570428402222,-1.478582335205543,-0.009655457838987013,-0.5579355001570505,1.836832036884177,-0.6671243914131288,1.8005928544182637,1.4931159784831884,-0.6280934356333298,0.11229411175415042,0.8649494464171918,-0.9230834108781819
GSM1424306,1.4010145621496126,-1.8361237026045634,-2.3644390423807122,0.0055631605587242745,0.26094946820291376,-0.5332936695774823,1.2510366176463215,-1.1848076594677626,-0.14425957716461252,0.31751110146476696,1.4508268513596547,-2.47163857633981,0.8380779523850628,-0.04959247633790852,0.15961569636704231,-0.6396246683915634,0.15323327571729414,-1.7604876961862812,0.31175190622328947,-1.1274168869801862,0.839952890385462,-0.283053327365371,-0.39322544302862783,-0.37841533041470576,0.3131706766781188,2.0247526055246015,1.09347292818812,0.01505579846250165,-0.4866761900492489,-2.185053197439204,0.550150220071733,1.4399180153430484,3.023596980162941,1.2325887988379904,0.3467730243934883
GSM1424307,0.9049374636620242,-0.8927301549905926,-0.8981874517445199,-1.852268369232841,-1.0954037993098373,0.5240409125906242,0.03876802404527576,-0.7997211375201964,-1.9427203199360132,-1.8150257693375127,1.467855345848826,1.431701010586066,-1.0300889527999104,-0.8064340445853568,1.4206545576809813,-1.3194735492777816,0.8662309337828237,1.5143307226630789,-1.7237456827976838,-0.7762166347298158,-1.3340166500041206,-1.348618456108551,-1.6759157834239335,-1.5689182639377963,-0.9361840401766254,0.33168817695356134,-0.968708795022365,1.729003602800065,-0.3257039497291256,1.432323606251517,3.189481019419993,-1.206659064087871,-0.024103334461622394,0.9706211854151486,-1.7640479375481621
GSM1424308,0.4819546630758841,-1.1325759721805853,-0.8322314978404697,-0.6710093453693062,0.30260526143738775,0.10263944868304563,2.8251063031360517,0.7554359703449743,-0.7885577284035921,-0.3279010337710694,0.29572730851088386,-0.4853237569574118,-0.933182904873311,-1.1136776441861727,0.4284318555337612,-1.3376028527680808,1.138295829623618,-0.15249302345785298,-0.4491935656797773,-0.7176832593547543,-0.4419152334300136,-0.5606375205673758,-0.8103605130758817,-0.8718474673354603,-0.6465985097798304,1.4512952990731203,-1.3512102436823743,-0.16276320677872635,2.0458209808162393,0.35225243766587405,0.06140242344116998,0.9623401964983713,0.9642191446756168,-0.5564583172204416,0.16911926813445496
GSM1424309,-0.042373605766251474,-1.2377986532703884,-1.8672326206424879,-0.7112379808569189,-0.6534459930416375,1.5660518051620915,2.441377872345023,-0.11989531608199319,-0.8492168418790177,-0.06995248872918086,1.8396441421957275,-0.2832277724272259,-0.034076478954331434,-0.4986408142160241,0.49135538323679884,-1.0505555475050108,1.330617566338662,-1.106831325158465,-0.6511028119558812,-0.951816760855001,-0.01880025556907666,-0.6277949866646352,-0.8572882084561978,-0.8522668269814621,-0.8994112744119529,1.8745614062158802,-0.4914135090857445,-0.31815743516004824,1.2058034917085216,0.6964799575560745,-0.5663916880202785,0.5096362223851877,0.698132323369437,-0.6449276801024519,-1.7272557395063504
GSM1424310,0.5562821469848719,-0.25778348625751546,0.3757771655867876,0.1909805986698116,-0.20640821198874582,-0.009734275025641967,-0.7592304881507617,-0.34983640274491484,0.10985292523244058,-0.5225791809724947,0.06782929059747773,0.2803313158626639,0.4595387026717841,0.1625650003095244,1.0525305180577675,0.20051747085471694,0.2892657236376911,0.6998748843624196,-0.10005882732734757,-0.6836274773183547,0.27640932991554107,0.367478660896747,0.20327770713894508,0.13068131878924732,0.7875393550423926,0.32486130425771037,0.2902198860021006,-0.1823454062901937,-0.6223234586607173,-0.010180090341248536,0.548759756923424,0.09673039984239383,-0.4992583725083719,-0.4188393082928699,0.030885724063076957
GSM1424311,1.1319557968682086,-1.8154918043516608,-2.044806342691854,-3.0444988391384515,-1.979319411846237,0.23033686198837247,0.867308186855293,-1.610624486621321,-2.131255402359633,-1.8853262113824718,1.2379706702450164,1.5933777982102144,-2.3898019377700077,-1.0240878289179565,1.98996266547037,-1.772706136535261,1.4009791773319709,1.880378290438656,-2.7206725862859473,-2.7530483576239453,-2.783329676930509,-3.323047959367974,-2.869964921434198,-2.6810986360448936,0.7323802063953839,-0.002828585143136038,-1.6172982079675984,0.007159750272393739,2.2511585892647923,1.4420514731842238,0.5123759712093423,-0.057487437492866535,-0.3024882861643063,-0.310710086992635,-2.463099700342583
GSM1424312,0.2555529228734696,-0.963394406506784,-0.5430400076457882,-0.0383226236095804,-0.07940884237144705,0.3222789995682078,0.7185155300179552,-0.5738530813778739,0.27559985421529254,-0.7388882334185228,-0.80261058604065,0.1440608805794529,0.4074517019112369,-0.8042355215112902,0.5200348142307003,0.05947148970018948,0.48627823441895607,0.6286263399203877,-0.015929974712304295,0.6541262107989645,-0.2575851300053952,0.5564149988503697,0.029645234231775685,0.31395611250267047,0.2828331449222641,0.003998287552714937,-0.5690224986689348,-0.4539694640299027,0.6706812393880502,0.15519364751476217,1.2381977346265651,0.25841039059710225,0.2489151603407688,-0.9201656979575953,1.0899754248380833
GSM1424313,1.1403638832832526,-0.847339978834207,-0.8271579629247737,-0.777066657109376,0.17204990947080456,0.43209877501078897,1.3763356970882903,-0.3850125754228176,-1.0656223277913466,-0.1218666613162276,0.7923917311117068,-0.3409694822929932,-0.8726166249191863,-1.3890426592130223,0.9712007883735693,-1.0052322887792629,1.663662525040324,0.6410458109699162,-0.6847543530018986,-1.3189806609349335,-0.5171950848286172,-1.008353961215771,-0.9459294108412393,-1.0128280778842476,0.4372787611338882,2.0247526055246015,0.8772764572063757,0.13349652131411893,0.027290066249250653,1.4309339109754162,0.8261571550110407,0.367855307415674,0.60645535132277,0.6108457763616398,-0.7759146187109354
GSM1424314,1.835432360260212,-0.712201045277695,-1.6744382938460336,-0.718552278218303,-0.2826078337591251,1.0779922915091322,1.9245191696469028,-0.9737506234003466,-0.5787099844886064,-0.010467499306523121,1.2862180712976679,-0.40448536314533734,0.11976187212914505,0.038348446624757886,0.8213828652710985,-1.3587537068400968,0.41591662342564717,-0.13615161418215754,-0.5585610740793338,0.24021542865813042,-1.3762296507883842,-0.5516831917544079,-0.8833591503341512,-0.5859701181670866,0.6050545049352059,0.7549542840963216,0.40552467052569763,0.4613404421673955,-0.8233054208694525,1.1001864352633948,-0.5712583090393594,-0.14952066299939287,0.20553630039673612,1.9059389496621806,-0.702330222627312
GSM1424315,2.5865547466707977,-0.7292223613363397,-1.2787025704217325,-0.4332946811243226,0.24164556402108434,0.9730250177721536,1.4233228518790284,-0.22690493612319185,-0.19016377114601565,0.7082193274454052,1.6977400214526355,-1.4958036796083414,0.7281501542683266,-1.446753889907272,1.0396889817918415,-0.6311643267627571,0.9741187373058974,-0.7734665759342786,-0.04958151575832154,-1.154022966696123,-0.13868517779638567,-0.4352769171858253,-0.07828846514295122,-0.38624758655630503,1.1047044597626918,1.485429662552375,1.5036918731278401,0.6167346705487173,-0.8108607173271158,0.27748683181164396,0.19674083654323193,0.2509482371776542,2.565212119929606,0.7297879197918982,-0.2150963999878922
GSM1424316,0.8881212908319365,-0.1711295135953246,-1.207673081601986,-1.113524335733045,-0.42484712773049976,0.33760268916484704,-0.4998613937058867,-1.2699710248984744,-0.5770705489892706,-0.8740813911972902,1.0137621594709305,0.5574915232183474,0.7281501542683266,-0.1490756454394249,1.4506181423014755,-0.3480450372559185,0.6973630673988825,0.28480308875975624,-0.7815025335091985,-1.2080333085194754,0.2391211792227748,-0.08292407839553838,-0.36715450115067444,-0.7465313690698719,-0.042605832095086456,0.30438068617015746,-0.20148849799996937,0.7819199986857729,-0.45680890154764114,0.9209157446463748,1.1719189912238428,-0.5666550391465406,0.8770142200458603,-0.25664547634251755,-1.3435656742131719
GSM1424317,0.3284230051371831,0.4700067246136233,0.49043905468152105,-0.5576377362678525,-0.29276778332850906,0.3452645339631667,-0.8853126868392426,-0.5146090010782484,-0.593464903982629,-0.5117637283501932,0.3326223799040879,0.06264506966872087,0.11552223253235633,1.1079299221581889,0.5024847146672681,-0.2456144725357282,1.0585526704978676,-0.09366395006534944,-0.5333224182948207,-0.19061682018203965,0.512802134307418,-0.20156893516736304,-0.4505815151601253,-0.5154798128926933,-0.6649848926621665,0.8914917380133407,0.5335795033379616,-0.6245241049362315,0.21333838420718212,0.2677589648789375,0.3494600389991547,-0.01768928592247675,-0.3080783454354445,0.0638102158745423,-0.5761855436268151
GSM1424318,0.16222316366648262,-0.06384364268023118,-0.37053982051211853,-0.6380950072430777,0.13496609354255332,-0.4030423080060488,1.7678953203444423,-1.218132454636302,-0.3934537730636581,-0.5550255388393989,0.19071825916099558,0.841580735757923,-0.12886270708253642,0.4725567537529238,1.0054448850827054,-0.884370265510602,1.5510839474510298,0.7037968225885866,-0.44078068041827295,0.14328948025297147,-0.35045373173077543,-0.11023478127509045,-0.6435064850569803,-0.40582822691030324,-0.8304623386031923,0.7822617748797251,-0.08590653851357526,0.4196493077236262,0.15298157202684978,0.8700528975410806,1.197967000868829,-0.4564639069860239,0.8736601844831774,-1.239638397253744,-0.2329668961796293
GSM1424319,-0.8859849427423195,-0.12780252726422917,-1.6947324335088183,0.4349124156719718,0.36813693615991394,-1.445053200577516,0.4287614088084029,1.4256346287344883,-0.1508173191619558,0.8066399463083479,-0.7004396191056238,-0.6874197414875977,1.3410809074040677,-0.1628164146523415,-0.4499292250555813,-0.2084494003806149,0.8756124819152649,-1.3682938735695913,0.15989932725313624,-0.32657388753047834,0.896236891431147,0.31733441954412683,0.6224984525364352,0.28693482881415294,0.8564882908511533,1.7448508249947117,1.3872783887530549,-0.7445440374258704,-0.24960458756773765,-0.7814609685772649,-0.440554773098327,0.629030677096357,1.7826038219702538,-0.0846217151830529,1.4789215184229492
GSM1424320,0.3766293672501012,-0.0034953402904911095,-0.14730428422148711,-0.2614086931317959,0.443828560451824,-1.2049820635635013,0.5775540656457406,-0.8071266475576495,-0.1704905451539857,-0.6577723387512622,0.04909794665938953,0.4189114195405057,0.6697036941125964,-0.13973192237464158,0.7443336476755421,-0.5791936567572329,0.6739091970677793,0.08413058285421664,-0.26411008992668206,-0.7115638610200888,-0.4925708343711301,0.2639666198188381,-0.2732991103900424,0.024945860877657034,2.410137644408562,0.7071661752253647,-0.47755476094588917,-0.18234540629019386,-0.4698758402670945,-1.01354007968612,0.5042649361775406,-0.7290812452431938,0.8859583148796816,-0.2910502285744105,0.08134359566327579
GSM1424321,2.093280343654891,-0.33308991488060996,-1.4156880131455292,-0.3601517075104814,0.17458989686315055,1.4715557193161495,2.527520989461377,-0.6182861416025931,-0.34918901458159074,-0.39820147581602855,0.7157635059104369,-1.2359659852123879,0.5582617389970072,-0.3980583835774743,0.3393972040900071,-0.49126653482928184,0.14385172758485268,-1.8585361518404537,-0.188394122573143,-0.3845751413112214,0.3749063317454898,0.10690769243938113,-0.0954952867824005,-0.27659600057391515,-0.43975170235354816,0.41361064930377306,0.5335795033379616,0.7809724729029599,-1.2084689955047687,1.0334810620105501,2.7503264084124464,-0.3012511158615038,1.042479974471552,-0.19275093648328778,0.18068253037616716
GSM1424322,-0.319840457462699,-0.5817042888280861,-1.075761173793886,-1.4499820143567146,-0.5518464973477986,0.8274499666040809,1.501634776530259,-0.8478569527636421,-1.347605233677109,-1.1444677067548257,0.6107544565605487,1.6222486531430982,-1.0300889527999104,-0.7503717061966569,0.9583592521076432,-1.8452233504964575,0.8333955153192795,0.5256100958464038,-1.0633341897695938,-0.9438349369402199,-0.8978156419000619,-0.8471760425823487,-1.1284260039869127,-1.3770279884686139,-1.8555031842934349,0.6662049390502589,-1.5618632154081766,1.2402066356396306,-0.6065809086796615,1.3280964605439474,0.7983478920448638,-0.7738541657598823,-0.44223976794276204,-0.7235671137753501,-1.301517447879673
GSM1424323,0.30908440638258217,-0.5026841185194693,0.599763585044942,0.11893476966017805,-0.23688806069689755,1.1293266516578735,0.4600861786688951,-0.0020366238359256312,-0.5180508710131808,-0.9497895595534002,1.5898928896878852,0.8248356398968505,-0.24757261579262066,-1.2384438286394557,0.09027140053104162,-0.9478228277266488,0.7020538414651029,0.03445269865610252,-0.4365742377875209,-0.354244210435053,-0.785247639808692,-0.22932735448756353,-0.471438268662488,-0.12778313388352883,0.7967325464835606,1.0143754465386583,0.18766514976717055,0.9448944333295982,-0.5073343979295276,0.9270304038612188,0.7241898574683914,-0.4228344689090446,0.32985921858685036,-1.0725296006988356,-0.17515058497106817
GSM1424324,0.9609913730956501,-0.5223875813509913,-0.5227458679830035,-0.846552482042525,-0.45024700165395953,0.9635754091875594,0.6636971827620941,-0.6664219568460388,-1.0213575693092793,-0.8308195807080846,0.4688503358174564,1.697312875968596,-1.024032324804498,-0.6744127339876538,0.8556269619802347,-1.0142969405244124,0.8193231931206177,1.2594047379622304,-0.8782507140164983,-0.23877382446788586,-0.3068336309203695,-0.6233178222581512,-0.40886800815539986,-0.9149248761142563,-0.8580419129266966,0.6935124298336628,-0.7857733195762735,0.912362714786354,0.12809216494217665,0.9737241651382103,-0.006104562409224979,-0.8733495446858568,-0.5014943962168272,-0.10919653820583358,-0.7654025621275605
GSM1424325,1.3309471753575801,-2.1301282527084253,-2.3187772281394463,-1.8632398152749172,-0.7347255895967089,0.46785405073628045,0.7106843375528321,-0.11026815303330406,-1.8263203994831698,-0.9281586543087973,2.3533370592857215,-1.0396441716687788,-0.958015079654502,-1.8694199508965879,2.041328810534074,-1.6790380685020483,1.4431961439279561,-0.4793212089717611,-1.071747075031098,-2.9685576033230356,-1.678756156408941,-2.0739190899589515,-2.5154001118940323,-1.6511569534245885,-0.33862659650069915,1.9769644966536448,0.155512854082706,0.7714972150748306,-0.22658188601441498,-0.30340579359854486,1.9658734489081995,-0.2679201639213024,0.13241832513024807,2.9872311626645294,-1.1280685142539895
GSM1424326,0.9049374636620242,-1.7587540841561786,-2.136129971174385,-1.8851827073590695,-1.9894793614156208,1.4894333571788954,1.4781411991348898,-1.5624886713778754,-2.4968495187115227,-2.6532233475658717,2.2398137626912478,2.0322147931900467,-2.2838109478502893,-0.3090181990777745,1.4720207027446857,-1.6729949673386153,0.5003505566176176,0.6789578804895295,-2.215899470595687,-1.813853743651364,-0.9963126437300105,-1.9082640069190449,-2.239048127987726,-2.269905188610932,-2.342742330675344,0.10640137799047937,-2.127300139514277,1.115449074235927,0.5064111526292079,2.1396785017868907,1.2001917419061232,-1.567329812694528,-0.855904154006991,0.9617742491269476,-2.7048770017602024
GSM1424327,1.4907008172434135,-0.6411241557964455,-0.4618634489946495,-1.2671245803221116,-0.46548692600803526,1.09663611385171,0.5540604882503715,-1.3144040851231933,-0.9557801493358464,-1.1336522541325242,1.0449810660344108,0.6631588522727018,-0.16853362045248801,-0.5365653372436741,0.8984320828666549,-0.940873261388701,0.18606869418083802,0.39396370272140163,-0.7730896482476941,-0.2536732291088106,-0.8204251404622451,-0.35916512227559816,-1.1753536993672289,-0.8679313392646607,-0.7247406370297591,-0.6186125023088935,-0.5546094006034852,1.076916359068201,-0.5963762517749455,0.9473199548922924,0.5380995394530561,-2.10460485889479,-1.437270318205367,1.429187383020236,-1.2174209952126747
GSM1424328,1.1039288421513958,-0.24592014476209648,0.5361008689227865,0.813793018991669,-0.3029277328978928,1.1574200825850454,0.695021952622586,-0.4479594107411697,-0.007202769420137404,-0.371162844260275,1.53596932380551,0.6758620284431706,0.5271912373805412,-0.15896899927272484,0.44469780147060084,-0.02413481489590686,0.0031285055982351153,0.7292894210586714,0.017721566333713062,0.4090842166151834,0.4121944824382561,0.36255378004961475,0.359286223336618,0.06019101351485382,0.8335053122482331,0.2975538134743065,-0.2657930893688985,0.20424511309748497,-0.6136121661810817,0.9820623367948158,0.6465556650211469,-0.1594702008919903,0.23538721690461425,0.8462725809198784,0.4718664977356478
GSM1424329,0.11738003611958199,0.2631719446282748,-0.8778933120817352,-1.307353215809724,-0.8515650096446238,-0.16552511925814073,-0.803868285201963,-1.1477801092804965,-0.9820111173252195,-1.0741672647098663,-0.16367309198280297,0.6233170724653222,0.027398295199105034,-0.15292306081904153,0.8556269619802347,-1.052972787970384,0.8662309337828237,0.6018264287082472,-0.9918246650468067,0.26088835259741355,-0.6600157374820429,-0.457662739218245,-0.5861504129254828,-1.0324087182382453,-0.619018935456326,0.6866855571378119,-1.0296872868377287,-0.3330020057574509,1.2717604204829054,0.6422818417881382,0.5530006695257661,-0.5875490687209952,0.015027080436345215,-1.342852653949423,-0.5288812890016286
GSM1424330,-0.2806027208591611,-1.2656517159118068,0.5576126569653382,-0.16632282743380242,0.19694178591579514,-0.17829486058867344,0.3817742540176647,0.26371010385808225,-0.19836094864269482,0.03982435538717839,0.7271158355698842,0.2895699894411867,0.00498877161607892,0.29194808321834753,-0.27014771733261644,0.024814304527900937,0.8943755781801472,-0.6754181202801061,0.10185041894875639,0.34895447645716543,0.10544667673927294,0.29987347835883943,-0.35151193602390257,0.2258432309096786,-0.0012364706098300508,1.3557190813312066,0.8772764572063757,-0.18613550942144555,-0.5713001741371374,0.1218409608883398,-0.006266783109861063,0.9449285051863257,-0.2365255867648752,0.09526598934370151,-0.5709295153351276
GSM1424331,1.6644679364876536,-0.9458572929918169,-0.7104666598637618,-0.8063238465549125,-1.3951223116066627,2.0691796135850793,1.3998292744836593,-1.3921619405164518,-1.6246698330648637,-1.755540779914855,2.035471828821195,1.0032575233820717,-2.0324608860406723,-0.7959910599835401,1.7673760368609848,-1.1472451661199399,0.45344281595541164,0.9809471239043809,-1.3914367149682625,-1.212556342071185,-0.6579050874428297,-1.1516232222232574,-1.222281394747545,-1.5493376235837981,-1.207383187691084,-0.009655457838987013,-1.107296276420919,1.8583092879612704,-1.320409103868086,0.8656058726575577,2.237013762828427,-1.2539193690777088,-0.6859663521643888,0.9524358163782909,-1.7009755980479135
GSM1424332,1.5019115991301386,-1.3925378901671577,-0.9286286612386969,-1.289067472406264,-1.334162614190359,2.470149491363806,0.49141094852938727,-1.4773253059471638,-1.2115320872322353,-0.9768281911091536,2.1433189605859453,0.5063323682772775,-0.8075078739685025,-0.04629469172680843,1.805900645658763,-1.8784604068953392,0.6363830045380148,0.14034503076260882,-1.0675406324003458,-0.3127387260781911,-0.9259576424229045,-0.6636123019165068,-1.5820603926633015,-1.3065376831942204,-2.784015519851413,0.809569265663129,-0.49917440804406354,1.7844022769018615,0.2830287240442667,1.2224796195602765,0.4321925963235316,-0.4544988732522359,-1.1130468804793496,1.9108539142667367,-0.9335954674615566
GSM1424333,-0.48800218576357635,0.03415787402105612,-0.8271579629247737,-0.12243704326549769,0.15376200024591352,-1.3045860459416563,-0.5031504945412383,1.0812784119929146,-0.25738062661878436,0.12148102268555401,-0.23414267834382257,-0.7798064772728255,0.48770202285045194,-0.08586810706000836,-0.08951010719192322,-0.00963137210366745,0.38308120496210296,-0.6623449928595497,-0.05799440101982587,0.7964687372792281,0.21238627872607443,0.4471721873321614,0.36590302838524263,0.18276582213088255,-0.1809633632846663,1.1304322823681248,1.636735855270452,-0.33394953154026374,-0.4767204272153796,-0.5090806944614825,-0.49988120075950493,-0.07987389775121077,0.5472007230487047,0.9047606597140966,0.5701542267902018
GSM1424334,0.3741069413255881,-1.062943315577039,-0.020465911329082976,-1.2524959855993434,-0.831245110505856,-0.31365411869232,0.2055724235523964,-0.21468584456139408,-1.3394080561804296,-1.5284162748465255,-0.16668145934255651,1.1834116581632659,-0.563728597153151,0.5637954613266902,1.0354084697031996,-1.5642191463968205,0.2845749495714705,1.7561835799433712,-1.307307862353219,-0.6572874583995769,-2.0657086635980253,-0.2651446697394352,-1.0762841202310063,-1.0324087182382453,-1.0648887203529789,0.9187992287967446,-1.4842542258249862,0.8008705143420317,2.2903594054231515,-0.12552479825762577,4.698133535335103,0.691215288925091,-0.2443516697444687,-0.8071215120528045,-0.6445139114187508
GSM1424335,0.36990289811806615,-0.10304424936074608,-1.4512027575554023,-1.3658675947007972,-0.8871248331374673,0.6931122878068771,1.1179063457392302,-0.9552368483067135,-1.0574251502946674,-1.2201758751109355,0.5199358192849696,1.558732772290754,-1.5176475064306132,-0.9702240136033231,1.797339621481479,-1.8845035080587724,0.8803032559814854,1.2463316105416742,-1.0885728455541068,-0.9917258804289067,-0.9752061433378788,-0.8829933578342204,-1.097140873733369,-1.0519893585922435,-0.5178938296034771,0.32486130425771037,-0.8578388099035216,1.6119525844299067,1.497631789776314,0.7216334420535013,1.780478362467019,-0.7514677055015381,0.12682826585910983,-0.23207065331973686,-0.23979973295882293
GSM1424336,1.3841983893195247,-0.8019498026778212,-0.7561284741050274,-0.9270097530177502,-1.2528830176352879,0.7229934825203236,-0.008219130745462495,0.3666466933786816,-1.6640162850489235,-1.0957981699544692,0.2503179898730944,0.4021663236794331,-0.5846239637373241,-0.04959247633790844,0.703668782833443,-1.3675162035270745,0.2705026273728087,0.6560799075035559,-1.096985730815611,-0.38484120210838074,-1.2918036492198568,-0.7039067815748623,-1.1701395109916382,-1.3731118603978143,-0.4535414895153003,0.27707319538675357,0.0030666245442964603,0.3757472797866268,-0.3006278720913174,1.1418772935464228,-0.561107928056705,-0.9852818459775781,-1.99627624531919,0.36804652489656686,-0.6182337699603139
GSM1424337,0.9161482455487494,-2.459516508316015,-0.7510549391893312,-0.7404951703024554,-0.16576841371121015,-0.0965685160732643,-0.13508444868045566,0.14522194325883112,-1.1705461997488398,-0.7172573281739201,1.2209421757558452,0.06957407485261291,0.8108231264057068,-0.0061716456250918835,0.6197707458960594,-0.6873651675826845,0.24235798297548516,0.820147656631538,-0.9371409108470286,-0.32125267158729093,0.14062417739282607,-0.5875005070062796,-0.10070947515799111,-0.2061056952995217,-0.6833712755445027,0.05178639642367157,1.159994919259426,0.5605148074351497,-1.6950569040101278,-0.8704014662477245,1.539464750093484,0.18876362534892013,0.4711759169612248,2.264731365794778,-1.3383096459214845
GSM1424338,1.686889500261104,-0.14069746367229335,-0.9235551263230007,-1.9436970862501426,-1.3849623620372786,0.3886816544869778,0.9456201115065233,-0.07101894983480213,-1.8050077379918044,-1.1066136225767707,1.4167698623813128,0.20873159562911234,-1.5994119843686816,-0.17600755309674143,1.1766653686283863,-1.2814020119481535,1.330617566338662,0.9456496798688787,-1.5386622070445883,-0.6397806579464903,-0.40814483280260255,-1.29041531882426,-1.3109225971325864,-1.5493376235837981,-2.0255772259550446,1.5673521349025867,-0.4343154667495403,0.8978339861165556,2.1516009609260993,1.5045877606087654,0.01922504127580136,-0.5569542397012581,-1.2472083029866674,-0.27139037015618594,-1.5222706361305425
GSM1424339,1.773773059883224,-1.9186512956161736,-1.3091437799159096,-2.0241543572253677,-1.542441580362729,1.1701898239155781,0.4287614088084029,-1.1662938843741295,-2.1033849988709243,-2.042150274405842,1.0506572308641347,1.628022824129675,-3.0378611332791414,-0.18425201462449142,1.1681043444511021,-1.6397579109397338,1.0350988001667651,1.6123791783172514,-2.1191512900883875,-1.5877020660658983,-1.88982116033026,-2.203756857746986,-2.49975754676726,-2.038853632433753,-2.5633789252633785,0.3385150496494123,-2.03306065216326,1.234237223207909,1.0906899839419089,2.223060218352946,-0.06461988656722267,-0.31020569996484154,-0.44782982721390024,-1.205233645021851,-2.100433748216154
GSM1424340,0.0753396040443627,-0.38157487577493104,-1.1315700578665437,-1.3110103644904163,-0.11496866586429073,1.458785977985617,3.067873269554866,-0.903398278044541,-0.8983999068590923,-1.4310772012458128,1.4054175327218654,1.1025732643511916,-0.6903121222572715,-0.34419456826284117,0.5166104045597868,-1.543068292324805,0.5936969605354072,-0.08908835546815479,-0.6511028119558812,0.023562121531254327,-0.8907801417693513,-0.3949824375274698,-0.534008529169576,-0.6290475269458826,-0.619018935456326,0.35216879504111426,-1.944364664068186,-0.17160678075164718,-0.40846122828566367,1.5045877606087654,1.606670468928412,-0.2286194892455425,0.4353995376259402,-1.3526825831585352,0.3846164280936374
GSM1424341,0.7563946036629159,-0.2624256633644185,-0.1523778191371833,-0.8648382254459852,-0.6178861695487939,0.27375398251218364,0.9769448813670154,-0.18580435541532664,-0.8131492608936295,-0.5496178125282482,0.7810394014522594,0.8935482746371137,-0.08343799711694297,0.19389395411497434,0.9497982279303592,-0.7030772306076104,1.3399991144711032,1.1299807764987229,-0.5291159756640685,-0.9997077043436879,-0.6733831877303931,-0.5740690137868277,-0.8260030782026537,-0.3353379216359098,0.1799153667383873,1.260142863589293,0.39998117126975546,0.8637230579352898,-0.6945027392062693,1.3697873188269751,0.5684579848577995,-1.544943352436184,-0.4198795308582091,0.9023031774118184,-1.3698458156716087
GSM1424342,3.0013536764796283,-0.9902158742355576,-0.8220844280090776,-0.7551237650252236,-1.1309636228026811,2.201984923422619,-0.040327019852466936,-0.8515597077823687,-1.4951544286173335,-1.0038668226649072,1.374198626158385,-0.5603879797829093,-0.8732222877187276,-0.26845544836124463,1.4591791664787594,-1.9268052162028033,0.7489615821273088,-0.276687733953138,-1.0086504355698154,-0.7573263181315004,-0.5157879848024751,-0.7621099188591537,-0.7165051223152495,-1.0324087182382453,-1.561321058176056,1.9360032604785389,-0.06945897622119486,0.9641607909134612,-0.7318368498332788,-0.5493818574684096,1.6298448547335593,0.23353654586560868,1.1453370650604955,2.2352415781674413,-0.22087803110874835
GSM1424343,-0.1432706427467779,0.7449267688335502,0.1515269223130171,0.6883528192439314,0.4844683587293596,0.4499764128735347,0.8986329567157851,0.6628670948768094,0.44413382354701547,-0.5333946335947961,-0.6635445477124198,0.13828670959287614,0.9413434597068453,-0.07927253783780837,-0.7709676317037327,1.1328169028433512,0.12977940538619115,-0.04921531683545793,0.31974414722171857,1.004794341455016,0.5275766845819103,0.7153543352805499,0.993748664878491,0.5881242387393533,-0.01410693862746537,0.3180344315618594,1.2874954021460958,-0.15234042316778396,-0.8239276560465694,0.7049918411221927,0.191874215524151,-0.2654327794481531,1.0558961167222838,-0.3991794498746454,0.04455139762146412
GSM1424344,-0.03116282387952631,-0.6193575031396333,0.14188720597319437,-0.8099809952356045,-0.25720795983566536,0.2609842411816509,1.329348542297552,-1.3292151051980998,-0.5082142580171658,-0.933566380619948,0.0315018356872461,0.7324489041116226,-0.6969744130522253,-0.10565481472660833,0.2831940803661374,0.1577625301234281,1.5510839474510298,0.9227717068829051,-1.1053986160771154,-0.4170345585646647,-1.3480876502655417,-0.462139903624729,-0.43493895003335326,-0.7661120094238701,-0.5500699996475654,-0.03696294862239091,-1.4454497310333911,0.8387715456545493,-1.0715772565390667,1.7116523567478041,0.2808638570159178,0.11414209115443934,0.8088154969379739,-0.34511483922452785,-0.3291522139175083
GSM1424345,0.17903933649657036,0.06355832903144232,0.6312296485920896,0.6261812916721664,-0.16576841371121015,-0.2676830499024023,0.648034797831848,0.8109772956258733,-0.40001151506100135,-0.24678513910380886,0.03292087689467702,0.4015889065807755,-0.30813889574674524,0.6268930735524035,-0.28298925359854255,-0.27522566823655026,1.1617496999547212,0.037720980511241606,0.29618806848950646,-0.09454226632779064,0.6485872868301331,0.2958440303930039,0.43270199566493467,0.134597446860047,0.5793135688999351,1.1509129004556777,0.3916659223858422,-0.011790765383864952,-0.6801913301325822,-0.3965153770973071,0.9193181859477341,0.08180609300349767,-0.2510597408698345,0.028422470721738168,-0.13940959258759403
GSM1424346,-0.19091646576535978,0.204886832063825,0.24183584381240883,0.5307297111061038,0.012030703753008099,-0.6456673932861697,1.1570623080648454,0.896140661056585,0.30297842705420086,0.34346818775829036,-0.25627972117974496,0.1590737251445524,0.24210575763647676,0.1108997080689579,0.16004374757590653,0.4608240534695958,1.1148419592925147,0.03314538591404694,0.32941896527244857,-0.4675861100249451,-0.63820568707684,0.42881581326557716,0.9624635346249472,0.6248966813241618,1.481625308850584,0.14736261416558522,0.27913288749021625,-0.023792758632828825,-0.6316569863174696,0.177428771932377,-0.12260219985170197,1.2061038748670083,-0.037519476712354144,-0.3352849100154156,0.23650155083388713
GSM1424347,0.4237146511743469,-0.6250312751591816,-0.7104666598637618,-0.8684953741266773,-1.3240026646209753,0.1332868278763241,-0.7200745258251464,-1.5143528561344297,-1.2508785392162949,-1.4689312854238679,0.11721192461607383,1.5645069432773309,-0.5970400511279196,-0.31176635292035787,1.1424212719192501,-0.18941363171580086,0.4018443012269854,1.5731597960555825,-1.6059652891366232,-1.1753078304688729,-0.8626381412465088,-1.2635523323853561,-1.7437002323066124,-1.6119956727165925,-2.030173821675629,-0.15984665714770846,-1.717081194574557,1.223467013476602,-1.419406720547373,1.4198163487666087,0.1321538233042856,-1.4379858200907616,-1.0683264063102438,0.5643502112025388,-1.653671343422727
GSM1424348,-0.15448142463350306,0.2714247039294359,1.0510646628659475,-0.060265515693732764,0.1283621263224538,0.0030354663048905895,-0.02623087341524545,-0.4479594107411697,-0.32295804659221755,-0.755111412351975,-0.34057076890114174,0.8831547668612756,0.0033534820573176017,1.7119741367580041,0.29492268348901657,0.0926178995816198,1.2884005997426766,0.6064020233054419,-0.3482389425417253,0.8355796744616556,-0.34763953167849115,-0.020243776704763083,-0.2941558638924051,-0.35100243391910835,-0.7707065942355996,0.5569749759166434,-0.1382926064822287,0.2658027047875655,-0.3846296210020892,1.394801833796792,-0.5596711161367857,-2.8035598958497605,-0.6591340676629254,-0.3893495206655331,-0.20721235755036116
GSM1424349,2.261442071955768,-3.507307461089673,-3.211719373301972,-3.2822135033834354,-5.118743828785864,1.05756070538028,1.3528421196929212,-1.8068705026138308,-2.880477425556106,-3.7077299782402586,3.287066173775268,3.296758239250353,-3.746486608742399,-3.1819382261143847,3.3725680701017424,-1.3980338644024115,-0.9913155964405299,4.514613465680756,-3.7428381455587236,-4.3973040840688595,-2.410448170002846,-7.155500691318235,-4.069228247820052,-3.8990144660635813,-1.5843040367789762,-3.2797274791516013,-3.768175919273158,2.301435512390121,-0.11271284860203548,2.3189491924039105,1.691488720975252,-1.1967095261952736,-1.99627624531919,1.9255988080804052,-2.0005692106740938
GSM1424350,0.7219214493612359,-0.48628175940841156,-0.7206137296951541,-1.6511251917947773,-1.8675599665830138,0.48317774033291966,-1.7639724814260473,-1.2070241895801221,-1.1361180542627871,-0.9714204647980029,0.3212700502446405,1.4836685494652564,-0.7121159830407564,0.8144270917702896,1.6689242588222184,-1.4312709208012933,1.133605055557397,1.2332584831211177,-1.6648554859671536,-1.2897139732474026,-1.4536201522262011,-1.8500608696347538,-1.6602732182971616,-1.7843053078317763,-1.2395593577351725,0.5911093393958982,-1.1516442704684564,0.16508071407455022,3.7320783108028412,-0.08522363525069876,0.7200184680234648,1.671244771345939,-0.6937924351439824,-0.3352849100154156,-0.6970741943356247
GSM1424351,-0.10123021067155852,-0.19820888005225928,-0.17774549371566414,-0.23946580104764353,-0.5416865477784146,0.95208264199008,0.7576714923435705,-1.5069473460969764,-0.5082142580171658,-1.1985449698663326,1.3145988954462862,1.628022824129675,-0.11947493368964708,-0.5162289988085574,0.5821022395160096,-0.5943014096658155,0.26581185330658813,0.6162068688708592,-0.6931672382634029,-0.2999678078145412,0.286259030098536,-0.3905052731209858,-0.45579570353571597,-0.5350604532466915,-0.19843042702288569,-0.12571229366845357,-1.2015357637719357,0.7696021635092046,-0.7038362668630216,1.114083388024404,0.1632538490547937,-2.0175464023345624,0.24265429395709395,0.20388670710439205,-0.0426986720205463
GSM1424352,-0.27219463444411723,-0.3187094817983368,-0.4872311235731303,-0.8648382254459852,-0.013369170170451682,-0.4439054802637534,0.07635774787786632,-0.7552880772954772,-0.7967549059002713,-0.5766564440840017,0.605078291730825,0.12558353342240733,1.0882166885955975,0.210932507938991,0.1771657959304746,-1.177460671937105,1.15236815182228,0.012882038412184597,-0.9413473534777806,-0.07408219102623498,-0.6776044878088194,-0.05919510704117345,-1.3422077273861306,-0.8170216743442653,-0.4351551066329641,1.1850472639349325,-0.3583695269431326,0.6025217838065232,-1.449454457250345,0.8970129858974387,-0.08835045763169382,-0.4713882138249201,1.1676973021450483,-1.4804716628769943,-0.21457079715872354
GSM1424353,0.5523583733245181,0.368394625718078,0.08607832190053649,-0.09683700250065337,-0.6178861695487939,0.5649040848483289,-0.721640764318171,-0.5701503263591473,-0.3803382890689714,-0.6577723387512622,-0.32609654858534637,1.2988950778948007,-0.20366206282588029,1.055714999149106,0.5970840318262567,-0.8360254562031376,1.0397895742329857,0.5518870819617221,-0.26831653255743426,-0.5359371288151876,0.13499577728825757,0.1382478432847688,-0.664363238559343,-0.049460572467536074,-0.6925644669856709,0.5706287213083453,-1.7392551915983256,0.9420518559811593,0.2500502596570749,0.695646140390414,1.14318275282546,0.9897014257030141,-0.02857538187853299,-0.25664547634251755,1.1583037926300193
GSM1424354,-0.7542582555732988,0.25130860313285586,0.5756744412652166,-0.34186596410702114,0.360516973982876,-0.6584371346167024,-0.30423820592711326,-0.7034495070333048,0.10018025578635918,-0.5766564440840017,-0.7940963387960646,0.483870843139494,0.6893877350976869,0.8430078917331563,0.5221750702750214,0.3357016438807144,1.0913880889614123,0.371085729735428,0.013515123702960893,-0.05758642160235385,0.4487790831179513,0.39299849801370557,0.3517777920757675,-0.08078959703393322,-0.513297233882893,0.5979362120917492,-0.41879366883290214,-0.29604850022774637,0.697437352004074,0.43410548942821886,-0.51795722168752,-0.2107103210388671,-0.060997725651134725,-0.8661010873074778,0.11866139653425614
GSM1424355,0.2533107664961245,0.27658267849266144,-0.9235551263230007,-1.022095618715744,-0.3283276068213526,-0.6967463586083006,-1.2314513937976805,-1.3366206152355529,-0.19344264214468734,-0.7334805071073721,-0.7884201739663409,-0.005490147972884693,-0.3953543388806846,0.44067816917895714,1.2793976587557947,-0.2619308456769974,1.7762411026296179,0.23708617367472565,-0.6426899266943769,0.3375138621793125,-0.6642370375604693,-0.5516831917544079,-0.3723686895262651,-0.4293249953351011,-0.21819578862139707,0.5296674851332395,-1.1017527771649769,-0.23288011470688377,0.459121279168329,-0.6119181448929514,0.3357639769883124,-0.39228938757877047,-0.26559389497479396,-0.48764881275665567,-0.2660798744172598
GSM1424356,-0.24136498425562303,0.2528559955018235,0.08607832190053649,-1.0842671462875086,-0.9430045557690787,0.2635381894477575,-0.2838771055177933,-1.244051739767388,-0.8229858738896444,-1.3607767592008535,-0.12209518460507693,1.2527017100021869,0.4474254466809591,1.0727535529731225,0.7956997927392464,-0.021717574430533567,0.4768966862865149,1.6515985605789203,-1.0843664029233546,-0.18103863148430221,-0.6740867377434641,-0.7083839459813462,-0.6435064850569803,-1.1224796638666372,-1.386650420793862,0.28390006808260454,-0.8578388099035216,0.5102959409460639,0.4118314057074498,1.5421095330634909,0.022005967572419054,0.03703317248680919,-0.6591340676629254,-0.4434141313156506,-0.45004086462631804
GSM1424357,-0.042373605766251474,-0.04321174442732858,0.09571803824035927,-0.18460857083726273,-0.8769648835680833,0.15627236227128283,0.1883438001291257,-0.5405282862093345,-0.3196791755935458,-0.4847250967944397,0.531288148944417,0.5125107312329146,-0.0274141881593777,0.7929914917981397,0.10311293679696765,-0.1694713978764718,1.15236815182228,0.2076716369784739,-0.4197484672645122,0.016910601602270037,-0.6698654376650378,-0.3457336290561463,-0.6330781083057989,-0.17477667073312453,-0.2466946820890182,0.809569265663129,-0.24472779219631824,0.3151687980721196,0.22889426363510265,0.7323340956794785,-0.9719434396103616,0.20368793218781628,-0.3639789381468269,0.6595039259467456,-0.6287458265436887
GSM1424358,1.76536497346818,-1.5885409235697323,-1.6490706192675526,-2.4118121173787257,-2.7159157556265705,1.440908340122871,0.27057132101291764,-1.3625399003666392,-1.8984555614539464,-2.3179443162745277,1.280541906467944,1.7261837309014796,-2.2565561218709336,-0.2941781683278246,1.6860463071767866,-1.0596201992501604,1.180512796219603,1.5208672863733572,-2.611305077886391,-2.0878963647255167,-1.8405726594152854,-2.9469661492233215,-1.874054941696379,-2.39522128687652,0.6592943344380977,-0.41244094689419425,-1.3678407414502007,1.4126563281115854,1.118690566912166,0.9378700270148062,2.1790777983155576,-0.21493887464322103,-0.7519290515638201,1.468507099856685,-1.9007046731320336
GSM1424359,2.154939644031879,-2.047600659696815,-0.7104666598637618,-1.1025528896909689,-2.248558075434911,2.7715153867643774,2.0576494415539948,1.040548106786922,-2.2804440327991937,-1.8582875798267184,2.1660236199048395,0.5771237045727083,-1.6751198343113374,0.11474712344857452,1.6732047709108604,-2.2108309708841567,-0.2923902605736621,1.1809659734388924,-2.0434353227348483,-2.5322178959816664,-1.3973361511805162,-1.9530356509838844,-2.040908969715281,-1.7138150025573828,-1.9428385029845316,0.2361119592116477,-1.0130567890699023,0.9989034029499356,-1.1257117169482307,0.7453972312748273,1.7176757769350688,-1.6021531953186194,-1.0124258135988615,2.3581156932813445,-2.7469252280937013
GSM1424360,0.15101238177975748,-0.1938246016735174,0.03534297274357484,0.19171202840595,0.23758158419333072,0.07965391428808678,0.6245412204364789,0.024882405150216728,-0.21147643263738136,-0.14025293077413997,0.4177648523499432,0.6140783988867995,0.24785955423211858,4.083630902907416,-0.015885299267280457,0.19794915286025788,0.09319136766967041,-0.03810315852798509,0.08923109105649989,-0.4667879276334671,0.18354072819016087,0.2576985896497606,-0.07151002025468338,0.16592647142644412,0.38211961248687953,0.0449595237278206,-0.05763469230827023,0.20677184851831945,-1.1008223098635577,0.5565376432527108,2.775123001223954,0.6738035976130455,-1.1018667619370732,-0.20258086569240005,-0.10734782000830105
GSM1424361,0.4562259186458499,-0.5956308201487954,-1.1823054070235053,-0.5978663717554652,-1.7100807482575635,1.7907992525794667,1.2118806553207064,-0.655313691789859,-0.6426479689627037,-1.4959699169796212,0.8888865332170094,1.2122825130961496,-1.408628202513189,-0.2958270606333745,1.1895069048943123,-1.1925684248456878,1.1617496999547205,0.9600301200314906,-1.3788173870760059,-1.1620047906109043,-1.193306647389908,-1.093420084938966,-1.540346885658576,-1.2908731709110217,-0.34322319222128317,0.47505250356643164,-1.6893636982948461,1.3330641623552986,2.2760479963494653,1.0904585683306882,0.30589219368547715,-0.1395711251067954,-0.19851318372113522,0.4093322275748384,-0.5131132041265665
GSM1424362,-0.17410029293527202,-0.30111047258861084,0.0607106473220557,-0.8831239688494456,-0.8718849087833913,1.0151651641629114,-0.6965809484297772,-0.4035263505164505,-0.46886780603310596,-0.841635033330386,0.15098510535292978,0.4462232483070137,0.48049463553591115,0.7770521995111563,0.27646511536279217,-0.34744072713957525,1.1664404740209418,0.6626164712138342,-0.7983283040322071,-1.072076241171037,-1.5802591545789924,-0.18410799398207564,-0.28894167551681443,-0.820937802415065,-0.6098257440151579,0.5160137397415375,-0.17377100172025858,-0.7445440374258704,1.118690566912166,-0.178333218749461,0.08295460223995729,-0.38806083397441654,-0.8044756087125193,-1.2887880432993053,0.6132536587820382
GSM1424363,-0.221746115953854,0.16774941520860043,-0.6749519154538886,0.031163201323568698,0.3056532463082029,0.3963434992852974,1.1335687306694764,-0.7552880772954772,-0.003268124221731446,-0.07211557925364113,1.61259754900678,0.2370250334633384,0.5428173376087054,0.536313922900857,0.38733893948279774,-0.3707066666187925,1.4760315623915004,-0.9564903598220672,-0.20942633572690386,1.2955987927502086,0.07589757619028832,0.12168233498077816,-0.1439872386753937,0.05235875737325453,-0.07294336385094118,0.5842824667000472,-0.41879366883290214,-0.4823952375142908,1.0651783416801188,1.1224215596810097,-0.8673110877001202,-0.3614458201117184,0.7640950227688681,-1.450981875249658,0.16806806247611747
GSM1424364,-0.011543955577757267,0.6670413529288429,0.49449788261407795,0.7530843508921808,0.6653154610643931,0.692346103327045,0.9299577265762772,0.19891189103036677,0.23690917643096704,-0.517171454661344,0.3184319678297786,0.43663812446929623,0.000749132019290245,0.7902433379555563,0.04489797239143621,0.08887117686029129,0.017200827796896898,0.2383934864167813,0.15779610593776017,1.5119062208407776,0.320029430725947,0.2676378946321549,0.3857743002846187,0.6346870015011609,-0.04950072567596253,-0.002828585143136038,-0.576783397627254,1.2806344023729825,-0.12453531696725528,0.6411700855672575,-0.4549228922975185,-0.5226283339717969,0.4342815257717125,-0.9693153440031567,0.6631859275530684
GSM1424365,-0.32264315293438034,0.05375817736131358,1.1002779515482004,0.8101358703109769,-0.0032092206010677703,-0.4311357389332207,0.9534513039716462,-0.1421118461943528,-0.10261791548148248,-0.16837310759212362,-0.45352644901264316,0.17812848940025564,0.40230356811513635,0.9441399531402227,-0.2615866931553324,0.506751622311687,0.20483179044572042,0.016150320267323683,0.11867618947176507,0.09114156400973458,1.2409763978359676,0.44627675445086457,0.5312501559635985,0.36956513110802536,0.3021388469487171,0.9597604649718504,-0.052590107985362865,-0.40343475561321257,-0.8083717766186487,-0.2686634116960217,-0.2696436777853636,0.14896547377853042,-0.1034821761117853,1.7142553300844914,0.12444302765511225
GSM1424366,-0.6253342638759597,-0.6384420090235682,0.24234319730397846,-0.9672383885053629,-1.2884428411281315,1.1234525706458285,0.5462292957852485,-0.5405282862093345,-0.36356686391076576,-1.4905621906684705,0.9570005111736938,0.7012683807841082,-0.6345911446994768,1.3574622910647551,0.3239873605708959,0.17649614373007055,0.8803032559814854,0.7423625484792278,-1.1642888129076454,0.6102261792676681,-2.241596166865791,-0.7934500697045413,-0.6852199920617057,-1.3691957323270145,-0.6879678712650868,-0.03696294862239091,-1.6727332005270197,-0.20445434122249576,1.7782598546560031,0.34363632695404833,-0.24426772532872684,-0.992743999397026,-2.0298166009460195,-0.792376618239136,0.7535896141700912
GSM1424367,0.9357671138505185,0.16001245336376188,-0.010318841497690632,-0.8209524412776807,-0.8566449844293158,0.038790742030382144,-0.5720649882343211,-0.45536492077862284,-0.5967437749813005,-0.6577723387512622,-0.10302327077720534,0.6827910336270626,-0.3390276985233488,1.0656083529824056,1.7202904038859228,-0.49459024046917016,1.7903134248282802,0.9142741740595435,-0.7815025335091985,-0.8845033791736802,-1.0666676450371169,-0.5561603561608919,-0.7165051223152495,-0.9814990533178504,-0.18326166114495832,0.5023599943498355,-0.9188173017188854,0.24489396918016007,0.502677741566507,-0.20473742899537886,0.7482912187057449,-1.0424916888600133,-0.43329567310894074,0.03333743532629423,-0.17672739345857436
GSM1424368,0.19025011838329553,-0.16184515938151847,0.08607832190053649,-0.2431229497283356,-0.8566449844293158,0.8054860115155646,0.648034797831848,-0.21061281404079485,-0.8803661163663985,-1.1985449698663326,0.6760303521023711,1.2873467359216473,-0.4952887008049902,1.3810964141109716,0.7657362081187522,0.010008706677489909,0.5378767491473826,1.7431104525228147,-1.0338890913543284,0.028617276677282342,-0.3356791814562831,-0.8068815629239933,-0.7321476874420215,-0.8600990831230614,-1.110854677558819,0.4613987581747297,-0.4598155633268742,0.627473296087264,-0.5874782887421749,1.5448889236156924,-0.7339424973914956,-1.261381522497157,-1.5267112665435787,1.2375037634425465,-1.0176919201285546
GSM1424369,1.2720905704522731,-0.20775113299422668,0.3230124024635475,0.24949497756088454,-0.7245656400273249,0.7452128324354503,0.44442379373864904,-1.429189490703718,-0.14098070616594083,-0.41983238106063137,0.4376314292539761,-0.7162905964204812,0.7357209392625923,0.8232211840665563,1.129579735653324,-0.4855255887240204,0.4815874603527352,-0.5185405912334301,-0.16736190941938228,0.32056578940026054,0.6042636360066561,-0.16664705279678824,-0.26287073363886104,-0.025963804042738216,-0.0012364706098300508,0.46822563087058067,-0.1310860574495039,1.1786174597567898,-0.7293479091248116,-0.6299841834822636,0.648455964657169,-0.042563130653970375,0.3522194556714033,1.8076396575710578,-0.5656734870434402
GSM1424370,0.2849812253261231,0.9311296505659958,-0.03568651607617149,0.5307297111061038,0.5185041897867957,-0.48732260078756456,0.03485242781271424,0.16336544285059146,0.15493740146417576,0.1322964753078554,-1.2935988438117494,0.25088304383112253,0.7759975154320852,1.8081595212484207,-0.07110390521076254,0.8460717526384528,0.8474678375179413,-0.1368052705531853,0.35760213089848814,0.8555342342486085,0.8329173902547513,0.40419140902991546,0.6125914946228129,0.5027134855152131,0.4267065909765448,0.7686080294880232,-0.27466268817840594,-0.6813756519050078,-0.5563665298863336,0.11628217978393608,0.12536372826337736,0.14896547377853042,0.8423558525648034,-1.1659139281854018,1.447385348672825
GSM1424371,0.3421562129484214,0.33899417070769183,0.24995349967752273,-0.2796944365352562,0.20405375061436387,1.1027655896903656,0.35279884189670946,-0.5072034910407952,0.11805010272911977,-0.6145105282620567,0.8009059783562923,0.19487358526132817,-0.32418895993458824,-0.06239887324434673,0.18187435922798081,0.11570254602593405,-0.0625423313288532,-1.505561711485433,0.0724053205334912,1.3599855056627765,0.44385423302645394,0.2746222711062699,0.14070744663185702,0.26343806038935513,0.09759033738272699,-0.13253916636430454,0.23755664307065,1.331137526596912,-1.3901616672228823,1.61576338269684,0.5474619913183358,-1.952874406032679,-0.9788854579720322,0.1301622380360501,-0.2087891660378674
GSM1424372,1.5411493357336767,0.5819743858802654,0.5972623323315038,0.9417932228158908,0.5540132135317924,0.8716281637111918,0.7341779149482013,-0.024401264149034273,0.4288870734031923,0.6773952874718462,-0.46771686108695243,-1.720996348084834,1.713563529121934,0.8138774610017729,-0.18881798764841806,0.12512978384088957,-0.3346072271696474,-2.597167851101886,0.8165250219135493,1.2192393439654692,3.1546324333892573,1.1451621183030094,1.0250337951320352,0.7635276150304691,0.8013291422041448,0.7071661752253647,-0.1477165552173304,-0.48871207606637707,-0.6885915050236594,-2.3059566864599854,-0.36871417710236937,0.23602393033875804,1.5590014511247243,0.7027556144668395,1.0742073399630212
GSM1424373,0.6462486716258412,-0.13363103852067415,0.07593125206914421,0.08638614640201872,-0.10988869107959878,0.2814158273105032,-0.20399894237353838,1.1590362673861734,-0.647566275460711,-0.9822359174203044,0.10188627957581986,1.1545408032303823,-0.5646370913524629,0.9100628454921894,0.722931087232332,-0.5217841957046188,0.5191136528825002,0.5261983865803288,-0.3818904835877427,0.48020226769588337,0.3974199321637638,-0.41736825955988943,-0.10331656934578645,-0.39799597076870397,-0.4535414895153003,0.8300498837506819,-0.8024038173441,0.5797811650190128,0.4012534076964639,1.0459883194954585,0.4547180993261351,-1.0872646093767016,-0.10571819982024057,-0.21732575950606844,0.2607844015414828
GSM1424374,0.08935308140276915,-0.5590092007498932,-0.3198044713551568,0.4305238372551413,0.6204592837155631,-0.0378277059528139,-0.49719878826774483,1.1701445324423532,0.5951258330358451,0.9807687335274006,-0.43365987210861034,-0.0378255054977144,0.7635814280414895,-1.3197891823799224,-0.6896379020195343,0.7176558529155005,-0.20092016628236048,0.638431185485805,0.7980166743382399,0.4729388079334325,1.8812069097306343,0.6562557651149619,0.8347159194229756,0.9264385427757341,1.026562332512763,0.14736261416558522,0.48368801003448214,0.2541481376589664,1.118690566912166,-0.058819425004781066,0.4115673929569503,1.437430630869899,1.961485718646677,0.8654409428776474,-0.013264913587096992
GSM1424375,-0.8719714653839131,-0.04331490391859309,0.16877694102638405,-0.06757981305511689,0.1049942423128708,-0.9700188230817,-0.319117471610847,0.14522194325883112,0.29310902534819916,1.0564769018835105,0.6788684345172329,-0.46800124399768156,-0.02953400795777208,-1.289009859342989,-0.394282567903235,0.9043876788655819,0.30802881990257347,0.14099868713363667,0.330260253798599,0.11375673176828117,0.9454853923461215,0.3097232400531041,0.2444697953061114,0.5042799367435329,0.13850003929592503,0.08592075990292644,0.14442585557082166,-0.7066430061133526,2.344493865832316,-0.4534928834174453,0.5893149320824322,2.6288877935084427,-1.370189606951708,0.7199579905827859,-0.006957679637072142
GSM1424376,-0.9112092019874511,0.6041140632574901,0.27329176028972507,0.6993242652860076,-0.13528856500305855,-0.8755227372357584,-0.1233376599827711,0.10115915853598462,0.7871037300080703,0.883429659926688,-0.5273165917990512,-0.056880269753417624,-0.13249668387978392,-0.9388950597978731,-0.826614288856079,1.4733456534028038,0.4675151381540734,-0.1191565485354343,0.7748812398691028,0.9337561086134636,1.0369468940453594,0.5644738947820409,0.9781060997517191,1.0392230312147634,-0.11615136362443122,0.5228406124373884,0.5391230025939038,-0.6687419748008353,0.8262400336672568,-0.7633949299879527,-0.5728805160457198,0.4549137639759017,0.6153994461565913,-0.12885639662405812,0.04928182308398279
GSM1424377,-0.8383391197237375,-0.3207107759288684,0.3656300957553953,-0.07123696173580894,0.7592949945811942,-0.24725146377355,-0.7874227810252045,-0.5627448163216942,0.6210289139253511,1.2078932385957302,0.43479334683911425,-0.2601310884809189,0.4337980336912811,-0.9070164752239067,-0.586905611892126,1.0745009766162221,0.31741036803501466,-0.23093178798119093,0.7075781577770683,0.06693003146823188,-0.785247639808692,0.39165534869176044,0.4389590217156435,0.6323373246586812,0.4303838675530121,0.16101635955728716,0.6721669847365157,-0.22340485687875436,-0.4611645477874588,-0.05742972972868013,-0.17050365531094205,0.46237591739534983,-0.767581217523007,0.7258559481082533,-0.3291522139175083
GSM1424378,0.5879526058148705,-0.8715824592813676,-0.959069870732874,-0.3601517075104814,-1.156363496726141,0.8139140407937162,-0.5321259066621936,-1.5291638762093358,-0.4885410320251359,-0.23651045911262247,-0.02298934667810131,0.9963285181981797,-0.8907865089054238,-1.2225045363524725,0.7143700630550479,0.0263250798187592,0.02189160186311749,1.0273567262473557,-0.4365742377875209,-0.5503310179415096,-0.36663538203140983,-0.44423124599879316,-0.48708083378926004,-0.3901637146271047,-0.27887085213310653,-0.20080789332281412,-0.9299043002307698,1.1552451571140703,-0.4480976090680055,1.3197582888873418,0.7860654675681354,-0.11967204932160051,-1.7838539930159374,1.2375037634425465,-1.3067734761713603
GSM1424379,-0.09282212425651465,-0.5930518328671824,-0.9641434056485702,-1.0769528489261246,-0.39944725380704,-0.012288223291748506,-0.7255563605507326,-0.9885616434752529,-0.2852510301074935,0.020897313298150953,0.3865459457864629,0.5358961237285504,-0.16762512625317613,-0.34419456826284117,0.38819504190052617,0.03418111133122215,1.3259267922724418,0.5480305093726578,-0.21363277835765604,0.1461629368622926,-0.9611351430764575,-0.283053327365371,-0.471438268662488,-0.5624733497422887,-1.2947185063821811,-0.016482330534837986,-0.7192513285049675,-0.04653337742033929,0.19156015300809315,0.5459759591543437,-0.5881756106771172,-0.16693235431143838,-1.8844750598964255,0.1434326424683516,-0.48683306266812953
GSM1424380,0.31525033642028105,-0.6688740589465996,0.2276299460484596,-0.4113517890401703,-0.16576841371121015,1.7805834595150405,1.2432054251811986,-1.2588627598422946,0.01214256947202526,0.422150605585533,1.7686920818241816,0.10248684947610039,0.5676495123898965,-1.4049819515000055,0.18615487131662284,-0.10118435472967828,0.5660213935447062,-0.06621038248218118,-0.036962187866065144,0.000840529453844035,-0.2744703303191007,-0.15321555957733637,-0.5079375872916227,-0.10820249352953061,-0.6879678712650868,0.4545718854788787,-0.11379033977096435,0.8779359446774839,0.2954734275866031,0.9264745257507785,-0.1777572380679533,0.594207294472266,-0.6803762928932506,-1.274043149485637,-0.8179628450444343
GSM1424381,0.7157555193235372,0.13716262604867227,-0.21833377304123353,0.44917529552667085,1.180424904232157,0.404005344083617,-0.18755343819678,-0.5627448163216942,0.9466208040934461,1.3647173016191005,0.2701845667771272,-0.3756145082124536,0.9031867033357467,-0.5261223526418574,-0.175976451382492,0.8805174292700214,0.44406126782297073,-0.5446868460745429,0.8350333694888589,1.166825366925073,0.8047753897319089,0.645062854098752,0.6193699395110809,0.7024360171259947,0.5590885477293654,-0.06427043940579481,0.2763611378622452,0.6397911312638321,-0.016266396148927307,0.11211309395563336,0.8998517018714103,1.9796804460164596,1.0447159981800074,-1.7802845037549184,0.7057597567157361
GSM1424382,0.8656997270584861,-0.6885259420324894,-0.28936326186097977,0.3113007902645803,-0.4451670268692676,1.3413043577447163,-0.5022107514454236,-0.7589908323142038,0.5923387926869741,0.8006914473660822,-0.603944817000321,-0.3756145082124536,-0.09049396873159847,-1.2186571209728558,-0.05483795927392288,0.8439566672312515,0.06879934252532344,0.2861104015018119,0.36391179484461633,0.11455491415975935,-1.1651646468670656,0.25071421317564563,-0.02823225673728078,0.6053160409701637,0.36832982532512737,-0.32369160184813167,0.3617310264037545,1.4887742326642246,-0.052978271598820056,0.713753869838009,1.4004184352625983,0.8379709728409033,-0.05652567823422413,0.2466468991640304,-0.14046079824593152
GSM1424383,-0.11524368802996497,-0.26794469614707,-0.5278194028986997,-0.09683700250065337,0.5210949769269886,0.7472559910483356,-0.06773619348039754,-0.27541102686851027,0.45872479949110434,0.46270855291916335,-0.11721368285151457,0.6238944895639799,0.914997127926801,-0.9658269674551898,0.0898433493221774,1.506280554743514,-0.3965254448437591,0.6240507453231929,0.37358661289534634,0.44979151858056715,-0.3469359816654201,0.3732989746251762,0.10942231637831298,0.5453209589255131,0.29938088951636666,-0.6117856296130425,0.3645027760317256,0.74875659628732,-0.6036564033472124,1.355890366065966,1.0203585080581774,0.6066442168380127,-0.726214778916584,0.12328128758967151,-0.35543235537594514
GSM1424384,-1.1298194487785915,-0.321226573385191,0.2387917228629911,-0.22483720632487528,-0.22672811112751362,1.1188554637668366,0.7811650697389395,-1.3218095951606466,0.7566102297204239,0.4956956834171826,0.19639442399071927,-0.2485827465077654,-0.42503181605820567,-1.6633084127028384,0.06929689129669571,0.6992243943670297,-0.6198062903958592,-0.0028057144924829927,0.501041824607137,1.519888044755559,-1.2566261485663035,0.2519678192094611,-0.09340961143216418,0.6730650565949974,0.0888568055136173,-1.5422883780575296,0.04297981918708005,1.011221238126504,-1.1649125331065908,0.44383335636092536,0.013431444824514447,-0.09977297353640567,-1.0683264063102438,1.026160285446633,-0.7286103640857489
GSM1424385,1.5187277719602263,0.42667973828252787,-0.5481135425614844,0.570226916857578,0.7308471357869193,-0.7631490135270705,0.10141756376626,0.4814320989592062,0.9310461668497558,0.4794725044837306,-0.23925122669057391,0.600797805617673,1.7438466690989962,-1.0680582903992897,-0.10106748983125664,1.5760783731811658,0.31741036803501466,0.5184852414022006,0.5227050041555106,-0.011797358411226115,0.12303542706604952,0.9571212132306833,1.3170283441651127,1.0431391592855632,1.1506704169685325,-0.4192678195900452,-0.21091244673507106,0.21877384176728334,0.9133529584636128,0.6671573872303449,2.077110500772908,1.2857001780077881,0.7965173665414698,0.5697075226215049,0.8744782648789008
GSM1424386,0.31020548457125474,-0.4811237848451859,-0.9692169405642662,-0.5174091007802399,0.7892668458108766,0.34271058569706014,-0.8884451638252917,-1.0144809286063392,0.1311655867238063,-0.24678513910380886,0.026677095581980965,1.1949600001364196,-0.4014109668760971,-0.5607490910584073,0.924115155398507,-0.36768511603707593,0.3971535271607648,0.6024800850792751,-0.05378795838907371,-0.6104607580995276,0.5894890857321637,0.030795897529153956,0.29661167906201813,-0.15519603037912633,-0.6328087226180782,0.03813265103196962,-1.3844712392180272,0.7320169741242915,2.431606790628672,0.5741867732591927,1.1017006022342457,-0.9753323080849805,0.4007411701448831,-0.1485162550422827,-0.6760500811688751
GSM1424387,0.15101238177975748,-0.1597819695562282,-0.903260986660216,-0.2431229497283356,0.12887012380092303,0.15882631053738935,-0.4352540558686216,-0.9330203181943539,0.35445670173334576,0.5124596349817498,0.44898375891342346,0.7024232149814236,-0.22092345261280574,-1.3175906593058557,0.019214899859584068,0.13570521087689746,0.6176199082731324,-0.06032747514293085,0.2612745946542635,-0.4824855146658699,-0.1865265786852179,0.2707271380726289,0.3165820205405304,-0.07687346896313357,2.0332167953206697,-0.43974843767759814,-0.05974122202552826,0.5459860787653513,0.382586352382959,0.6984255309426158,0.776100481671922,-0.08484866669750951,-0.06323374935959,-0.9742303086077128,0.4403303279855235
GSM1424388,0.7177174061537142,-0.5046028850569891,-0.6343636361283193,-0.44426612716639885,0.4804043789016061,2.242848095680324,0.217319212250081,-1.4810280609658903,0.19166075664929824,0.2900939290672329,2.018443334332024,-0.4275820470916443,0.014679376408738882,-1.4791271421729035,0.5495703476423303,0.015961161323471463,-0.04237200284410454,-0.18517584200924375,0.18597927156379973,-0.5170734182965883,-1.3410521501348311,0.039750226342121865,-0.3984396314042185,0.3264877223292293,-0.5362802124858133,-0.24176912949791995,-0.3478368783568425,1.5367822056600802,-0.7719896858126277,0.37254198869694766,1.5510519429960576,0.23353654586560868,-0.20633926670072875,-0.005982281510154789,-0.9178273825864944
GSM1424389,-0.21053533406712882,-0.14606175721804798,-0.3045838666080683,0.9088788846896625,0.8131427272989289,-0.9776806678800196,1.086581575878738,0.7628414803824275,0.6983282977190353,0.8050176284150029,-1.0012763550809793,0.9403190596283852,0.9746549136816138,-0.6998056754931238,-0.24446464480076432,1.2216504899458174,-0.053160783196412015,0.0834769264831888,0.9553376287283709,0.1291882580035248,1.3042958990123632,0.6361085252857841,1.5099533140619679,0.9495436983934519,0.15366880517385237,-0.13253916636430454,-1.2680577548432417,0.46070875831218683,0.274939666741748,-0.47989709366336303,0.3455203934122796,2.009529059694252,0.3996231582906555,-1.5836859195726731,1.463153433547887
GSM1424390,-0.9532496340626705,-1.4121381935074149,-0.7916432185149006,-0.48083761397331926,-0.2419680354815895,-0.13487774006486242,-2.2651687991939213,1.5996641146146382,0.26150070892100447,-0.1678323349610086,-0.2750110651178332,-1.836479767816369,-1.4782794244604323,-2.160174627441904,0.5611277302816636,-0.10873823118396961,-0.1563578126532651,-0.6165890468876025,0.08923109105649989,0.09859126633019705,-0.5235270349462569,0.12213005142142655,0.08126569915012334,0.23759161512207752,0.5931033560616873,-0.5421515281153627,0.11449095958873395,-0.37943076911528484,-1.420651190901607,0.1440760853059547,0.008333079947382006,-0.5094451962641053,-1.9291955340655313,0.3744359788824898,-1.1963968820459252
GSM1424391,-0.14887603369014046,-0.7792547145996284,-0.7409078693579388,-0.4771804652926272,-0.11496866586429073,0.8093169339147245,1.1883870779253372,-1.2477544947861148,0.0791954813948606,0.14635656371684724,1.3969032854772798,1.604926140183368,0.33295517756766363,-0.7514709677336903,0.6176304898517384,-0.28187307951632656,1.011644929835662,1.0273567262473557,-0.020136417343056465,0.08342580089211285,-0.00014210922243208888,0.1091462746426231,-0.09705954329507768,-0.022047675971938574,0.1081625075400703,0.47505250356643164,-0.6970773314811989,0.6552042173309226,1.7720375028848347,0.9876211178992194,1.2711053624698747,-3.6144472340964517,0.10670405248301218,-1.4411519460405455,-0.6182337699603139
GSM1424392,1.2664851795089105,-1.2842204243394193,-0.6800254503695847,-0.7990095491935284,-0.5213666486396468,0.5342567056550503,2.0184934792283795,-1.3181068401419198,-0.12130748017391088,-0.3873860231937271,1.6069213841770564,0.4668370387290926,-0.4407790488462781,-1.3742026284630722,0.8684684982461608,-0.24742740288475817,0.8052508709219559,1.0770346104454698,-0.46601933620278596,-1.1859502623552478,-0.7641411394165601,-0.42632258837285736,-1.237923959874317,-0.36666694620230683,-1.0005363802648022,-0.19398102062696332,-1.0463177846055551,1.0715470462989276,2.0582656843585756,0.33877239348769506,-0.5656964564461241,-1.2713310603897545,-0.8894445096338204,0.3631315602920107,-0.9914117786701176
GSM1424393,-0.56087226802729,-0.605430971818924,-0.0001717716662982891,-0.13706563798826593,0.04251055246115983,-0.6686529276811286,-0.15622866833628787,-0.8922900129883612,-0.13606239966793335,0.475687096065925,0.9115911925359041,0.1660027303284445,0.441489951245455,-1.3269343823706392,0.13008016295541236,0.8714527775248718,0.32679191616745584,0.3828515444139287,0.36096728500308983,0.08901307763245964,0.9454853923461215,0.19358559534891043,0.007224224216735799,0.14242970300164626,-0.2154378311890467,0.1268819960780323,-0.01411822314912424,-0.19497908339436637,0.1728930976945883,-0.007400699789046674,-0.023879316321773182,0.6961900578713897,-0.7295688144792671,1.4832519936703534,-0.4132486665845064
GSM1424394,0.9974264142275069,-2.2234875923028095,-2.141203506090081,-1.1354672278171976,-2.446677092037896,0.8233636493783104,-1.3959064355652644,-2.0845771290183257,-1.5345008806013933,-1.7339098746702521,0.7157635059104369,1.425926839599489,-1.5721571583893255,-2.5639333899942462,2.674844599653093,-1.1623529190285224,-1.0992033999636035,2.2856452404759025,-2.7248790289166993,-2.3007450024530134,-2.0375666630751827,-3.1842558627669706,-1.6915583485507057,-2.50878900092971,-0.7523202113532634,-1.609191730476869,-2.4155621008232697,1.4751930297772393,0.10444722821173723,0.4954883297735969,1.1566238965924454,0.20120054771466694,-2.8347851359899248,1.1932690820015415,-2.0794096350494047
GSM1424395,0.06412882215763753,-0.745212082482339,-0.4263487045847764,-0.13706563798826593,0.5098682326528193,0.1741500001340286,0.46791737113401816,-1.3847564304789988,0.4206898959065132,0.18853682894382268,0.12118523999688041,0.6614266009767288,1.0848855431981206,-1.3538662900279557,0.5418654258827746,0.6097864971482205,-0.08599620165995618,1.5339404137939134,0.08923109105649989,-0.9597985847697822,-0.4067377327764604,0.07511982515334506,0.2538553343821746,0.20782904178400022,-0.7936895728385199,-0.7237463418249984,0.06238206658287762,0.8866531818793628,-0.9359299879275982,1.314199507782938,0.9450417541914481,-0.6201338053192518,0.8166415799175676,0.12819625219422764,-0.15570328029182492
GSM1424396,0.24350133234524002,-0.9009829142917536,-0.7104666598637618,-0.6380950072430777,0.08721433056644895,-0.6073581692945716,0.20870490053844562,0.09338337299665876,0.322979540146098,0.3891634750875138,-0.2173979920961377,0.6417944196223678,-1.024032324804498,-0.9955070289550899,0.5260275311547992,0.4142921745111612,1.1664404740209418,0.8868206064763752,0.3634911505815411,-0.3518496632606186,-0.2350715295871212,-0.061433689244415425,0.46294428824336065,-0.10428636545873107,-0.15430310810527884,0.10640137799047937,-0.016889972777095325,0.03937562688803377,1.5604775426651132,0.06347375929210075,0.621759072209639,0.8603574330992474,-0.34720876033341214,-0.7088222199616817,0.36727153473106905
GSM1424397,-0.03116282387952631,-0.15462399499300256,0.34787272355045873,0.6459298945479035,1.0102457489449765,0.08220786255419331,-0.02231527718268393,1.1220087171989073,0.7602169878189627,0.019815768035920778,-0.22193892395991666,0.28206356715863695,0.9113631511295536,0.8463056763442564,-0.5312589547397797,0.936416115031777,-0.903598121402205,0.47763171821296213,1.0777451092832588,0.39551511596005545,0.5775287355099556,0.7914661301907772,1.124103374268258,0.8120876031083846,0.29708259165607465,-0.21446163871451607,-0.6970773314811989,0.3062620557136779,0.47405492341913263,-0.7633949299879527,-0.8984806366080437,0.1763267029831734,0.2384058489110289,0.45504139839721036,0.4697640864189729
GSM1424398,0.5708561634376146,0.004086882317450622,-0.34517214593363765,-0.330894518064945,-0.2826078337591251,0.29929346517324895,0.30737792559899585,-1.1033470490557773,0.05575155375435834,-0.22082805281028545,-0.4421741193531958,0.7844164429908133,-0.04528124074584451,-0.18590090693004147,0.36208391815980984,-0.12686753467426878,0.012510053730676304,0.08739886470935572,-0.03275574523531297,-0.4393836655260518,0.33832173106579455,0.032586763291747554,-0.6382922966813895,0.08368778193965168,-1.5107585052496313,0.11322825068633034,-0.7857733195762735,0.8678290029941459,1.6351457639191327,0.8472618950130254,1.1130560512787682,-0.1719071232577371,-0.7139166485200801,-0.6154378924751153,-0.19564909530864896
GSM1424399,0.1117746451762194,-1.0232269114402015,-0.6089959615498383,-0.3784374509139417,0.09331030030807932,-0.1221079987343297,0.44442379373864904,-1.1811049044490358,-0.14098070616594083,0.27765615855158626,-0.17519570658714206,0.3467342822082964,-0.575841853143976,-0.9273528136590232,-0.39000205581459296,-0.05223523530587056,1.447886917994177,-0.9434172324015109,0.4303735884105005,0.24971379911671995,-0.11898577743039593,-0.20335980092995662,-0.3410835592727212,-0.03771218825513714,-0.6098257440151579,0.12005512338218131,-0.4016088211394815,-0.26130588819127193,0.20960497314448107,-0.6160872307212542,1.7202249593736352,-0.8907612359979022,-1.1801275917330085,-1.5197913797134432,-0.996667806961805
GSM1424400,1.5383466402619954,-0.1288341221768744,-0.10164246998022172,-0.32723736938425296,0.1410620632841837,1.9133887693525806,3.028717307229251,2.5994079696708194,-0.12458635117258259,-0.5117637283501932,0.49155499513635115,-0.6008071766889466,1.0321928796380322,-1.2593297978430893,0.5354446577498116,-0.17279510351635996,-1.095450780710627,-0.6231256105978806,-0.4618128935720338,0.37236782660719014,-0.14642422794016735,-0.3860281087145019,-0.6800058036861151,0.22936774617339825,0.013932295268097326,-0.87666829021206,-0.8024038173441,1.1409466772094956,-1.4654521236540186,0.18576694358898257,1.6321622933140743,0.16637716509057593,-1.6496925705086196,1.4095275246020114,-0.7233543357940615
GSM1424401,2.0316210432779025,-0.879319421126206,-2.227453599656916,0.11966619939631648,0.05267050203054375,1.3898293748007402,0.1335254528732645,-1.1366718442243167,0.3259305240449024,0.20800464366396526,0.02241997195968821,-1.40919111480969,0.11037409873625575,-1.489625089851572,0.22125507044348738,-0.17642096421441972,0.03737115628164556,-0.9826366146631799,0.25622686349736085,0.25051198150819803,-0.23577507960019228,0.1270549322685589,0.09482258892665908,0.2916341824991125,1.7712108392473789,-1.030955613138292,-1.112839775676861,1.0312456163366173,0.3408965955161317,-1.0246576418949274,2.3876472705618865,0.7981728212705134,0.5975112564889489,0.7828695375211043,0.4009101157978683
GSM1424402,0.1117746451762194,-0.32690034540473917,0.020122367996486326,-0.2614086931317959,-0.7245656400273249,0.7076697929236843,-0.6527262706250884,-1.0626167438497847,-0.04917231820313443,-0.3441242127045215,-0.6862492070313145,0.990554347211603,-1.1603064547012785,-0.9724225366773898,0.20284886846232672,-0.9236504230729167,0.8146324190543971,0.43579771046718185,-0.3314131720187167,0.44154363386862666,-1.4606556523569116,-0.38155094430801795,-0.4505815151601253,-0.1434476461667274,-0.39838234086829183,-0.6964388510415945,-0.9409912987426541,0.6619316503888945,1.14731338505954,0.7341268025856488,3.066656774652711,-1.6767747295131001,0.195138790152419,-1.4706417336678819,0.0844972126382882
GSM1424403,-0.0339655193512076,-0.0991241886926946,0.0607106473220557,0.30618078211161137,-0.18100833806528602,0.3452645339631667,-0.019965919443147007,0.3888632234910412,0.37658908097437954,0.3940304287675494,-0.0837243103561448,0.08458691941771246,-0.29178600015913153,-0.43213549122550754,-0.398563079991877,0.6959006887271415,0.7442708080610883,0.8325671276810663,0.5827730049226515,0.46974607836752,0.7907043894704876,0.015125822106460145,0.4038675339479183,0.37348125917882496,-0.22555034177433156,0.823223011054831,0.28301333696937575,-0.4097515941652988,1.6040340050632915,-0.021297652550055987,1.2240613592854253,0.6787783665593442,0.030679246395532243,0.6835872525090705,0.4508423845688983
